Id,suggestion
1,"lots-of-nitrogen-fertilizer, lots-of-phosphorus-fertilizer, small-amount-of-potassium-fertilizer"
2,"small-amount-of-nitrogen-fertilizer, suitable-phosphorus, small-amount-of-potassium-fertilizer"
3,"small-amount-of-nitrogen-fertilizer, suitable-phosphorus, lots-of-potassium-fertilizer"
4,"suitable-nitrogen, suitable-phosphorus, small-amount-of-potassium-fertilizer"
5,"small-amount-of-nitrogen-fertilizer, suitable-phosphorus, small-amount-of-potassium-fertilizer"
6,"lots-of-nitrogen-fertilizer, suitable-phosphorus, small-amount-of-potassium-fertilizer"
7,"suitable-nitrogen, suitable-phosphorus, small-amount-of-potassium-fertilizer"
8,"lots-of-nitrogen-fertilizer, suitable-phosphorus, small-amount-of-potassium-fertilizer"
9,"lots-of-nitrogen-fertilizer, lots-of-phosphorus-fertilizer, small-amount-of-potassium-fertilizer"
10,"suitable-nitrogen, suitable-phosphorus, lots-of-potassium-fertilizer"
11,"lots-of-nitrogen-fertilizer, suitable-phosphorus, small-amount-of-potassium-fertilizer"
12,"small-amount-of-nitrogen-fertilizer, suitable-phosphorus, small-amount-of-potassium-fertilizer"
13,"lots-of-nitrogen-fertilizer, lots-of-phosphorus-fertilizer, lots-of-potassium-fertilizer"
14,"small-amount-of-nitrogen-fertilizer, suitable-phosphorus, small-amount-of-potassium-fertilizer"
15,"lots-of-nitrogen-fertilizer, suitable-phosphorus, small-amount-of-potassium-fertilizer"
16,"lots-of-nitrogen-fertilizer, suitable-phosphorus, small-amount-of-potassium-fertilizer"
17,"small-amount-of-nitrogen-fertilizer, suitable-phosphorus, lots-of-potassium-fertilizer"
18,"small-amount-of-nitrogen-fertilizer, suitable-phosphorus, small-amount-of-potassium-fertilizer"
19,"lots-of-nitrogen-fertilizer, suitable-phosphorus, suitable-potassium"
20,"lots-of-nitrogen-fertilizer, suitable-phosphorus, small-amount-of-potassium-fertilizer"
21,"suitable-nitrogen, suitable-phosphorus, small-amount-of-potassium-fertilizer"
22,"small-amount-of-nitrogen-fertilizer, suitable-phosphorus, small-amount-of-potassium-fertilizer"
23,"suitable-nitrogen, suitable-phosphorus, small-amount-of-potassium-fertilizer"
24,"small-amount-of-nitrogen-fertilizer, suitable-phosphorus, small-amount-of-potassium-fertilizer"
25,"small-amount-of-nitrogen-fertilizer, suitable-phosphorus, suitable-potassium"
26,"small-amount-of-nitrogen-fertilizer, suitable-phosphorus, small-amount-of-potassium-fertilizer"
27,"small-amount-of-nitrogen-fertilizer, suitable-phosphorus, small-amount-of-potassium-fertilizer"
28,"suitable-nitrogen, suitable-phosphorus, small-amount-of-potassium-fertilizer"
29,"suitable-nitrogen, suitable-phosphorus, small-amount-of-potassium-fertilizer"
30,"small-amount-of-nitrogen-fertilizer, suitable-phosphorus, small-amount-of-potassium-fertilizer"
31,"small-amount-of-nitrogen-fertilizer, suitable-phosphorus, small-amount-of-potassium-fertilizer"
32,"small-amount-of-nitrogen-fertilizer, suitable-phosphorus, small-amount-of-potassium-fertilizer"
33,"small-amount-of-nitrogen-fertilizer, suitable-phosphorus, small-amount-of-potassium-fertilizer"
34,"small-amount-of-nitrogen-fertilizer, suitable-phosphorus, suitable-potassium"
35,"small-amount-of-nitrogen-fertilizer, suitable-phosphorus, small-amount-of-potassium-fertilizer"
36,"small-amount-of-nitrogen-fertilizer, suitable-phosphorus, small-amount-of-potassium-fertilizer"
37,"small-amount-of-nitrogen-fertilizer, suitable-phosphorus, small-amount-of-potassium-fertilizer"
38,"small-amount-of-nitrogen-fertilizer, suitable-phosphorus, small-amount-of-potassium-fertilizer"
39,"small-amount-of-nitrogen-fertilizer, suitable-phosphorus, small-amount-of-potassium-fertilizer"
40,"small-amount-of-nitrogen-fertilizer, suitable-phosphorus, small-amount-of-potassium-fertilizer"
41,"small-amount-of-nitrogen-fertilizer, suitable-phosphorus, small-amount-of-potassium-fertilizer"
42,"small-amount-of-nitrogen-fertilizer, suitable-phosphorus, small-amount-of-potassium-fertilizer"
43,"small-amount-of-nitrogen-fertilizer, suitable-phosphorus, small-amount-of-potassium-fertilizer"
44,"small-amount-of-nitrogen-fertilizer, suitable-phosphorus, small-amount-of-potassium-fertilizer"
45,"small-amount-of-nitrogen-fertilizer, suitable-phosphorus, small-amount-of-potassium-fertilizer"
46,"small-amount-of-nitrogen-fertilizer, suitable-phosphorus, small-amount-of-potassium-fertilizer"
47,"small-amount-of-nitrogen-fertilizer, suitable-phosphorus, small-amount-of-potassium-fertilizer"
48,"small-amount-of-nitrogen-fertilizer, suitable-phosphorus, small-amount-of-potassium-fertilizer"
49,"suitable-nitrogen, suitable-phosphorus, small-amount-of-potassium-fertilizer"
50,"small-amount-of-nitrogen-fertilizer, suitable-phosphorus, small-amount-of-potassium-fertilizer"
51,"small-amount-of-nitrogen-fertilizer, suitable-phosphorus, suitable-potassium"
52,"small-amount-of-nitrogen-fertilizer, suitable-phosphorus, small-amount-of-potassium-fertilizer"
53,"small-amount-of-nitrogen-fertilizer, suitable-phosphorus, small-amount-of-potassium-fertilizer"
54,"small-amount-of-nitrogen-fertilizer, suitable-phosphorus, small-amount-of-potassium-fertilizer"
55,"small-amount-of-nitrogen-fertilizer, suitable-phosphorus, small-amount-of-potassium-fertilizer"
56,"small-amount-of-nitrogen-fertilizer, suitable-phosphorus, small-amount-of-potassium-fertilizer"
57,"suitable-nitrogen, suitable-phosphorus, small-amount-of-potassium-fertilizer"
58,"small-amount-of-nitrogen-fertilizer, suitable-phosphorus, suitable-potassium"
59,"lots-of-nitrogen-fertilizer, suitable-phosphorus, small-amount-of-potassium-fertilizer"
60,"small-amount-of-nitrogen-fertilizer, suitable-phosphorus, small-amount-of-potassium-fertilizer"
61,"small-amount-of-nitrogen-fertilizer, suitable-phosphorus, small-amount-of-potassium-fertilizer"
62,"lots-of-nitrogen-fertilizer, suitable-phosphorus, small-amount-of-potassium-fertilizer"
63,"small-amount-of-nitrogen-fertilizer, suitable-phosphorus, suitable-potassium"
64,"suitable-nitrogen, suitable-phosphorus, small-amount-of-potassium-fertilizer"
65,"lots-of-nitrogen-fertilizer, suitable-phosphorus, small-amount-of-potassium-fertilizer"
66,"suitable-nitrogen, suitable-phosphorus, small-amount-of-potassium-fertilizer"
67,"small-amount-of-nitrogen-fertilizer, suitable-phosphorus, small-amount-of-potassium-fertilizer"
68,"small-amount-of-nitrogen-fertilizer, suitable-phosphorus, small-amount-of-potassium-fertilizer"
69,"suitable-nitrogen, suitable-phosphorus, small-amount-of-potassium-fertilizer"
70,"suitable-nitrogen, suitable-phosphorus, small-amount-of-potassium-fertilizer"
71,"small-amount-of-nitrogen-fertilizer, suitable-phosphorus, small-amount-of-potassium-fertilizer"
72,"small-amount-of-nitrogen-fertilizer, suitable-phosphorus, suitable-potassium"
73,"small-amount-of-nitrogen-fertilizer, suitable-phosphorus, small-amount-of-potassium-fertilizer"
74,"small-amount-of-nitrogen-fertilizer, suitable-phosphorus, suitable-potassium"
75,"small-amount-of-nitrogen-fertilizer, suitable-phosphorus, suitable-potassium"
76,"suitable-nitrogen, suitable-phosphorus, small-amount-of-potassium-fertilizer"
77,"small-amount-of-nitrogen-fertilizer, suitable-phosphorus, small-amount-of-potassium-fertilizer"
78,"suitable-nitrogen, suitable-phosphorus, small-amount-of-potassium-fertilizer"
79,"small-amount-of-nitrogen-fertilizer, suitable-phosphorus, small-amount-of-potassium-fertilizer"
80,"small-amount-of-nitrogen-fertilizer, suitable-phosphorus, small-amount-of-potassium-fertilizer"
81,"suitable-nitrogen, suitable-phosphorus, small-amount-of-potassium-fertilizer"
82,"suitable-nitrogen, suitable-phosphorus, small-amount-of-potassium-fertilizer"
83,"suitable-nitrogen, suitable-phosphorus, small-amount-of-potassium-fertilizer"
84,"small-amount-of-nitrogen-fertilizer, suitable-phosphorus, suitable-potassium"
85,"small-amount-of-nitrogen-fertilizer, suitable-phosphorus, small-amount-of-potassium-fertilizer"
86,"small-amount-of-nitrogen-fertilizer, suitable-phosphorus, small-amount-of-potassium-fertilizer"
87,"small-amount-of-nitrogen-fertilizer, suitable-phosphorus, suitable-potassium"
88,"small-amount-of-nitrogen-fertilizer, suitable-phosphorus, suitable-potassium"
89,"small-amount-of-nitrogen-fertilizer, suitable-phosphorus, small-amount-of-potassium-fertilizer"
90,"small-amount-of-nitrogen-fertilizer, suitable-phosphorus, small-amount-of-potassium-fertilizer"
91,"small-amount-of-nitrogen-fertilizer, suitable-phosphorus, small-amount-of-potassium-fertilizer"
92,"suitable-nitrogen, suitable-phosphorus, small-amount-of-potassium-fertilizer"
93,"small-amount-of-nitrogen-fertilizer, suitable-phosphorus, small-amount-of-potassium-fertilizer"
94,"suitable-nitrogen, suitable-phosphorus, small-amount-of-potassium-fertilizer"
95,"suitable-nitrogen, suitable-phosphorus, small-amount-of-potassium-fertilizer"
96,"small-amount-of-nitrogen-fertilizer, suitable-phosphorus, small-amount-of-potassium-fertilizer"
97,"suitable-nitrogen, suitable-phosphorus, small-amount-of-potassium-fertilizer"
98,"small-amount-of-nitrogen-fertilizer, suitable-phosphorus, small-amount-of-potassium-fertilizer"
99,"suitable-nitrogen, suitable-phosphorus, small-amount-of-potassium-fertilizer"
100,"suitable-nitrogen, suitable-phosphorus, small-amount-of-potassium-fertilizer"
101,"small-amount-of-nitrogen-fertilizer, suitable-phosphorus, small-amount-of-potassium-fertilizer"
102,"suitable-nitrogen, suitable-phosphorus, small-amount-of-potassium-fertilizer"
103,"suitable-nitrogen, suitable-phosphorus, small-amount-of-potassium-fertilizer"
104,"small-amount-of-nitrogen-fertilizer, suitable-phosphorus, small-amount-of-potassium-fertilizer"
105,"small-amount-of-nitrogen-fertilizer, suitable-phosphorus, suitable-potassium"
106,"small-amount-of-nitrogen-fertilizer, suitable-phosphorus, small-amount-of-potassium-fertilizer"
107,"suitable-nitrogen, suitable-phosphorus, suitable-potassium"
108,"small-amount-of-nitrogen-fertilizer, suitable-phosphorus, small-amount-of-potassium-fertilizer"
109,"small-amount-of-nitrogen-fertilizer, suitable-phosphorus, small-amount-of-potassium-fertilizer"
110,"small-amount-of-nitrogen-fertilizer, suitable-phosphorus, small-amount-of-potassium-fertilizer"
111,"small-amount-of-nitrogen-fertilizer, suitable-phosphorus, small-amount-of-potassium-fertilizer"
112,"lots-of-nitrogen-fertilizer, suitable-phosphorus, small-amount-of-potassium-fertilizer"
113,"small-amount-of-nitrogen-fertilizer, suitable-phosphorus, small-amount-of-potassium-fertilizer"
114,"lots-of-nitrogen-fertilizer, suitable-phosphorus, small-amount-of-potassium-fertilizer"
115,"small-amount-of-nitrogen-fertilizer, suitable-phosphorus, small-amount-of-potassium-fertilizer"
116,"suitable-nitrogen, suitable-phosphorus, small-amount-of-potassium-fertilizer"
117,"small-amount-of-nitrogen-fertilizer, suitable-phosphorus, small-amount-of-potassium-fertilizer"
118,"small-amount-of-nitrogen-fertilizer, suitable-phosphorus, suitable-potassium"
119,"small-amount-of-nitrogen-fertilizer, suitable-phosphorus, small-amount-of-potassium-fertilizer"
120,"lots-of-nitrogen-fertilizer, suitable-phosphorus, small-amount-of-potassium-fertilizer"
121,"small-amount-of-nitrogen-fertilizer, suitable-phosphorus, suitable-potassium"
122,"small-amount-of-nitrogen-fertilizer, suitable-phosphorus, suitable-potassium"
123,"suitable-nitrogen, suitable-phosphorus, small-amount-of-potassium-fertilizer"
124,"suitable-nitrogen, suitable-phosphorus, suitable-potassium"
125,"small-amount-of-nitrogen-fertilizer, suitable-phosphorus, small-amount-of-potassium-fertilizer"
126,"small-amount-of-nitrogen-fertilizer, suitable-phosphorus, small-amount-of-potassium-fertilizer"
127,"small-amount-of-nitrogen-fertilizer, suitable-phosphorus, small-amount-of-potassium-fertilizer"
128,"small-amount-of-nitrogen-fertilizer, suitable-phosphorus, small-amount-of-potassium-fertilizer"
129,"suitable-nitrogen, suitable-phosphorus, small-amount-of-potassium-fertilizer"
130,"small-amount-of-nitrogen-fertilizer, suitable-phosphorus, suitable-potassium"
131,"small-amount-of-nitrogen-fertilizer, suitable-phosphorus, small-amount-of-potassium-fertilizer"
132,"small-amount-of-nitrogen-fertilizer, suitable-phosphorus, small-amount-of-potassium-fertilizer"
133,"suitable-nitrogen, suitable-phosphorus, small-amount-of-potassium-fertilizer"
134,"small-amount-of-nitrogen-fertilizer, suitable-phosphorus, small-amount-of-potassium-fertilizer"
135,"small-amount-of-nitrogen-fertilizer, suitable-phosphorus, small-amount-of-potassium-fertilizer"
136,"suitable-nitrogen, suitable-phosphorus, small-amount-of-potassium-fertilizer"
137,"suitable-nitrogen, suitable-phosphorus, lots-of-potassium-fertilizer"
138,"small-amount-of-nitrogen-fertilizer, suitable-phosphorus, small-amount-of-potassium-fertilizer"
139,"small-amount-of-nitrogen-fertilizer, suitable-phosphorus, small-amount-of-potassium-fertilizer"
140,"small-amount-of-nitrogen-fertilizer, suitable-phosphorus, small-amount-of-potassium-fertilizer"
141,"small-amount-of-nitrogen-fertilizer, suitable-phosphorus, small-amount-of-potassium-fertilizer"
142,"suitable-nitrogen, suitable-phosphorus, small-amount-of-potassium-fertilizer"
143,"small-amount-of-nitrogen-fertilizer, suitable-phosphorus, suitable-potassium"
144,"small-amount-of-nitrogen-fertilizer, suitable-phosphorus, lots-of-potassium-fertilizer"
145,"small-amount-of-nitrogen-fertilizer, suitable-phosphorus, small-amount-of-potassium-fertilizer"
146,"suitable-nitrogen, suitable-phosphorus, small-amount-of-potassium-fertilizer"
147,"small-amount-of-nitrogen-fertilizer, suitable-phosphorus, suitable-potassium"
148,"small-amount-of-nitrogen-fertilizer, suitable-phosphorus, small-amount-of-potassium-fertilizer"
149,"small-amount-of-nitrogen-fertilizer, suitable-phosphorus, small-amount-of-potassium-fertilizer"
150,"suitable-nitrogen, suitable-phosphorus, suitable-potassium"
151,"small-amount-of-nitrogen-fertilizer, suitable-phosphorus, small-amount-of-potassium-fertilizer"
152,"suitable-nitrogen, suitable-phosphorus, lots-of-potassium-fertilizer"
153,"small-amount-of-nitrogen-fertilizer, suitable-phosphorus, small-amount-of-potassium-fertilizer"
154,"small-amount-of-nitrogen-fertilizer, suitable-phosphorus, small-amount-of-potassium-fertilizer"
155,"small-amount-of-nitrogen-fertilizer, suitable-phosphorus, small-amount-of-potassium-fertilizer"
156,"small-amount-of-nitrogen-fertilizer, suitable-phosphorus, small-amount-of-potassium-fertilizer"
157,"small-amount-of-nitrogen-fertilizer, suitable-phosphorus, small-amount-of-potassium-fertilizer"
158,"small-amount-of-nitrogen-fertilizer, suitable-phosphorus, small-amount-of-potassium-fertilizer"
159,"small-amount-of-nitrogen-fertilizer, suitable-phosphorus, suitable-potassium"
160,"small-amount-of-nitrogen-fertilizer, suitable-phosphorus, small-amount-of-potassium-fertilizer"
161,"suitable-nitrogen, suitable-phosphorus, suitable-potassium"
162,"small-amount-of-nitrogen-fertilizer, suitable-phosphorus, small-amount-of-potassium-fertilizer"
163,"suitable-nitrogen, suitable-phosphorus, small-amount-of-potassium-fertilizer"
164,"small-amount-of-nitrogen-fertilizer, suitable-phosphorus, small-amount-of-potassium-fertilizer"
165,"small-amount-of-nitrogen-fertilizer, suitable-phosphorus, small-amount-of-potassium-fertilizer"
166,"lots-of-nitrogen-fertilizer, suitable-phosphorus, small-amount-of-potassium-fertilizer"
167,"small-amount-of-nitrogen-fertilizer, suitable-phosphorus, suitable-potassium"
168,"suitable-nitrogen, suitable-phosphorus, suitable-potassium"
169,"small-amount-of-nitrogen-fertilizer, suitable-phosphorus, small-amount-of-potassium-fertilizer"
170,"small-amount-of-nitrogen-fertilizer, suitable-phosphorus, small-amount-of-potassium-fertilizer"
171,"small-amount-of-nitrogen-fertilizer, suitable-phosphorus, small-amount-of-potassium-fertilizer"
172,"suitable-nitrogen, suitable-phosphorus, small-amount-of-potassium-fertilizer"
173,"lots-of-nitrogen-fertilizer, suitable-phosphorus, small-amount-of-potassium-fertilizer"
174,"small-amount-of-nitrogen-fertilizer, suitable-phosphorus, small-amount-of-potassium-fertilizer"
175,"suitable-nitrogen, suitable-phosphorus, small-amount-of-potassium-fertilizer"
176,"lots-of-nitrogen-fertilizer, suitable-phosphorus, small-amount-of-potassium-fertilizer"
177,"lots-of-nitrogen-fertilizer, suitable-phosphorus, small-amount-of-potassium-fertilizer"
178,"small-amount-of-nitrogen-fertilizer, suitable-phosphorus, small-amount-of-potassium-fertilizer"
179,"suitable-nitrogen, suitable-phosphorus, small-amount-of-potassium-fertilizer"
180,"suitable-nitrogen, suitable-phosphorus, small-amount-of-potassium-fertilizer"
181,"lots-of-nitrogen-fertilizer, suitable-phosphorus, suitable-potassium"
182,"small-amount-of-nitrogen-fertilizer, suitable-phosphorus, small-amount-of-potassium-fertilizer"
183,"suitable-nitrogen, suitable-phosphorus, suitable-potassium"
184,"small-amount-of-nitrogen-fertilizer, suitable-phosphorus, small-amount-of-potassium-fertilizer"
185,"small-amount-of-nitrogen-fertilizer, suitable-phosphorus, suitable-potassium"
186,"suitable-nitrogen, suitable-phosphorus, small-amount-of-potassium-fertilizer"
187,"small-amount-of-nitrogen-fertilizer, suitable-phosphorus, small-amount-of-potassium-fertilizer"
188,"small-amount-of-nitrogen-fertilizer, suitable-phosphorus, small-amount-of-potassium-fertilizer"
189,"small-amount-of-nitrogen-fertilizer, suitable-phosphorus, small-amount-of-potassium-fertilizer"
190,"lots-of-nitrogen-fertilizer, suitable-phosphorus, small-amount-of-potassium-fertilizer"
191,"small-amount-of-nitrogen-fertilizer, suitable-phosphorus, small-amount-of-potassium-fertilizer"
192,"small-amount-of-nitrogen-fertilizer, suitable-phosphorus, suitable-potassium"
193,"lots-of-nitrogen-fertilizer, suitable-phosphorus, small-amount-of-potassium-fertilizer"
194,"suitable-nitrogen, suitable-phosphorus, small-amount-of-potassium-fertilizer"
195,"lots-of-nitrogen-fertilizer, suitable-phosphorus, small-amount-of-potassium-fertilizer"
196,"suitable-nitrogen, suitable-phosphorus, small-amount-of-potassium-fertilizer"
197,"small-amount-of-nitrogen-fertilizer, suitable-phosphorus, small-amount-of-potassium-fertilizer"
198,"lots-of-nitrogen-fertilizer, suitable-phosphorus, small-amount-of-potassium-fertilizer"
199,"small-amount-of-nitrogen-fertilizer, suitable-phosphorus, small-amount-of-potassium-fertilizer"
200,"lots-of-nitrogen-fertilizer, suitable-phosphorus, small-amount-of-potassium-fertilizer"
201,"suitable-nitrogen, suitable-phosphorus, small-amount-of-potassium-fertilizer"
202,"small-amount-of-nitrogen-fertilizer, suitable-phosphorus, small-amount-of-potassium-fertilizer"
203,"lots-of-nitrogen-fertilizer, suitable-phosphorus, small-amount-of-potassium-fertilizer"
204,"small-amount-of-nitrogen-fertilizer, suitable-phosphorus, small-amount-of-potassium-fertilizer"
205,"suitable-nitrogen, suitable-phosphorus, small-amount-of-potassium-fertilizer"
206,"lots-of-nitrogen-fertilizer, suitable-phosphorus, small-amount-of-potassium-fertilizer"
207,"small-amount-of-nitrogen-fertilizer, suitable-phosphorus, small-amount-of-potassium-fertilizer"
208,"suitable-nitrogen, suitable-phosphorus, small-amount-of-potassium-fertilizer"
209,"small-amount-of-nitrogen-fertilizer, suitable-phosphorus, suitable-potassium"
210,"lots-of-nitrogen-fertilizer, suitable-phosphorus, small-amount-of-potassium-fertilizer"
211,"small-amount-of-nitrogen-fertilizer, suitable-phosphorus, lots-of-potassium-fertilizer"
212,"small-amount-of-nitrogen-fertilizer, suitable-phosphorus, small-amount-of-potassium-fertilizer"
213,"small-amount-of-nitrogen-fertilizer, suitable-phosphorus, suitable-potassium"
214,"small-amount-of-nitrogen-fertilizer, small-amount-of-phosphorus-fertilizer, small-amount-of-potassium-fertilizer"
215,"small-amount-of-nitrogen-fertilizer, suitable-phosphorus, suitable-potassium"
216,"small-amount-of-nitrogen-fertilizer, small-amount-of-phosphorus-fertilizer, lots-of-potassium-fertilizer"
217,"small-amount-of-nitrogen-fertilizer, suitable-phosphorus, small-amount-of-potassium-fertilizer"
218,"small-amount-of-nitrogen-fertilizer, suitable-phosphorus, small-amount-of-potassium-fertilizer"
219,"small-amount-of-nitrogen-fertilizer, suitable-phosphorus, small-amount-of-potassium-fertilizer"
220,"suitable-nitrogen, suitable-phosphorus, small-amount-of-potassium-fertilizer"
221,"small-amount-of-nitrogen-fertilizer, small-amount-of-phosphorus-fertilizer, small-amount-of-potassium-fertilizer"
222,"small-amount-of-nitrogen-fertilizer, suitable-phosphorus, small-amount-of-potassium-fertilizer"
223,"small-amount-of-nitrogen-fertilizer, suitable-phosphorus, lots-of-potassium-fertilizer"
224,"small-amount-of-nitrogen-fertilizer, suitable-phosphorus, suitable-potassium"
225,"small-amount-of-nitrogen-fertilizer, suitable-phosphorus, small-amount-of-potassium-fertilizer"
226,"small-amount-of-nitrogen-fertilizer, suitable-phosphorus, suitable-potassium"
227,"small-amount-of-nitrogen-fertilizer, suitable-phosphorus, small-amount-of-potassium-fertilizer"
228,"small-amount-of-nitrogen-fertilizer, suitable-phosphorus, small-amount-of-potassium-fertilizer"
229,"small-amount-of-nitrogen-fertilizer, suitable-phosphorus, small-amount-of-potassium-fertilizer"
230,"suitable-nitrogen, suitable-phosphorus, small-amount-of-potassium-fertilizer"
231,"small-amount-of-nitrogen-fertilizer, suitable-phosphorus, suitable-potassium"
232,"small-amount-of-nitrogen-fertilizer, suitable-phosphorus, small-amount-of-potassium-fertilizer"
233,"small-amount-of-nitrogen-fertilizer, suitable-phosphorus, suitable-potassium"
234,"small-amount-of-nitrogen-fertilizer, suitable-phosphorus, lots-of-potassium-fertilizer"
235,"small-amount-of-nitrogen-fertilizer, suitable-phosphorus, small-amount-of-potassium-fertilizer"
236,"suitable-nitrogen, suitable-phosphorus, small-amount-of-potassium-fertilizer"
237,"small-amount-of-nitrogen-fertilizer, suitable-phosphorus, small-amount-of-potassium-fertilizer"
238,"small-amount-of-nitrogen-fertilizer, suitable-phosphorus, suitable-potassium"
239,"suitable-nitrogen, suitable-phosphorus, suitable-potassium"
240,"small-amount-of-nitrogen-fertilizer, suitable-phosphorus, lots-of-potassium-fertilizer"
241,"lots-of-nitrogen-fertilizer, suitable-phosphorus, small-amount-of-potassium-fertilizer"
242,"small-amount-of-nitrogen-fertilizer, suitable-phosphorus, suitable-potassium"
243,"suitable-nitrogen, suitable-phosphorus, suitable-potassium"
244,"suitable-nitrogen, suitable-phosphorus, small-amount-of-potassium-fertilizer"
245,"small-amount-of-nitrogen-fertilizer, suitable-phosphorus, lots-of-potassium-fertilizer"
246,"small-amount-of-nitrogen-fertilizer, suitable-phosphorus, small-amount-of-potassium-fertilizer"
247,"small-amount-of-nitrogen-fertilizer, suitable-phosphorus, small-amount-of-potassium-fertilizer"
248,"small-amount-of-nitrogen-fertilizer, suitable-phosphorus, suitable-potassium"
249,"small-amount-of-nitrogen-fertilizer, suitable-phosphorus, small-amount-of-potassium-fertilizer"
250,"suitable-nitrogen, suitable-phosphorus, lots-of-potassium-fertilizer"
251,"small-amount-of-nitrogen-fertilizer, suitable-phosphorus, small-amount-of-potassium-fertilizer"
252,"small-amount-of-nitrogen-fertilizer, suitable-phosphorus, suitable-potassium"
253,"suitable-nitrogen, lots-of-phosphorus-fertilizer, lots-of-potassium-fertilizer"
254,"small-amount-of-nitrogen-fertilizer, suitable-phosphorus, lots-of-potassium-fertilizer"
255,"small-amount-of-nitrogen-fertilizer, suitable-phosphorus, suitable-potassium"
256,"small-amount-of-nitrogen-fertilizer, suitable-phosphorus, small-amount-of-potassium-fertilizer"
257,"suitable-nitrogen, suitable-phosphorus, lots-of-potassium-fertilizer"
258,"lots-of-nitrogen-fertilizer, small-amount-of-phosphorus-fertilizer, suitable-potassium"
259,"small-amount-of-nitrogen-fertilizer, suitable-phosphorus, small-amount-of-potassium-fertilizer"
260,"suitable-nitrogen, suitable-phosphorus, lots-of-potassium-fertilizer"
261,"small-amount-of-nitrogen-fertilizer, suitable-phosphorus, small-amount-of-potassium-fertilizer"
262,"suitable-nitrogen, suitable-phosphorus, small-amount-of-potassium-fertilizer"
263,"suitable-nitrogen, lots-of-phosphorus-fertilizer, lots-of-potassium-fertilizer"
264,"small-amount-of-nitrogen-fertilizer, suitable-phosphorus, lots-of-potassium-fertilizer"
265,"small-amount-of-nitrogen-fertilizer, suitable-phosphorus, lots-of-potassium-fertilizer"
266,"small-amount-of-nitrogen-fertilizer, suitable-phosphorus, lots-of-potassium-fertilizer"
267,"small-amount-of-nitrogen-fertilizer, suitable-phosphorus, small-amount-of-potassium-fertilizer"
268,"small-amount-of-nitrogen-fertilizer, suitable-phosphorus, small-amount-of-potassium-fertilizer"
269,"small-amount-of-nitrogen-fertilizer, suitable-phosphorus, small-amount-of-potassium-fertilizer"
270,"small-amount-of-nitrogen-fertilizer, suitable-phosphorus, suitable-potassium"
271,"suitable-nitrogen, suitable-phosphorus, small-amount-of-potassium-fertilizer"
272,"suitable-nitrogen, suitable-phosphorus, small-amount-of-potassium-fertilizer"
273,"small-amount-of-nitrogen-fertilizer, suitable-phosphorus, small-amount-of-potassium-fertilizer"
274,"suitable-nitrogen, suitable-phosphorus, small-amount-of-potassium-fertilizer"
275,"small-amount-of-nitrogen-fertilizer, suitable-phosphorus, small-amount-of-potassium-fertilizer"
276,"small-amount-of-nitrogen-fertilizer, suitable-phosphorus, small-amount-of-potassium-fertilizer"
277,"suitable-nitrogen, suitable-phosphorus, small-amount-of-potassium-fertilizer"
278,"suitable-nitrogen, suitable-phosphorus, suitable-potassium"
279,"small-amount-of-nitrogen-fertilizer, suitable-phosphorus, small-amount-of-potassium-fertilizer"
280,"small-amount-of-nitrogen-fertilizer, suitable-phosphorus, small-amount-of-potassium-fertilizer"
281,"suitable-nitrogen, suitable-phosphorus, small-amount-of-potassium-fertilizer"
282,"small-amount-of-nitrogen-fertilizer, suitable-phosphorus, small-amount-of-potassium-fertilizer"
283,"small-amount-of-nitrogen-fertilizer, suitable-phosphorus, suitable-potassium"
284,"suitable-nitrogen, suitable-phosphorus, suitable-potassium"
285,"small-amount-of-nitrogen-fertilizer, suitable-phosphorus, small-amount-of-potassium-fertilizer"
286,"small-amount-of-nitrogen-fertilizer, suitable-phosphorus, small-amount-of-potassium-fertilizer"
287,"suitable-nitrogen, suitable-phosphorus, small-amount-of-potassium-fertilizer"
288,"small-amount-of-nitrogen-fertilizer, suitable-phosphorus, small-amount-of-potassium-fertilizer"
289,"small-amount-of-nitrogen-fertilizer, suitable-phosphorus, small-amount-of-potassium-fertilizer"
290,"small-amount-of-nitrogen-fertilizer, suitable-phosphorus, small-amount-of-potassium-fertilizer"
291,"suitable-nitrogen, suitable-phosphorus, small-amount-of-potassium-fertilizer"
292,"small-amount-of-nitrogen-fertilizer, suitable-phosphorus, small-amount-of-potassium-fertilizer"
293,"small-amount-of-nitrogen-fertilizer, suitable-phosphorus, small-amount-of-potassium-fertilizer"
294,"small-amount-of-nitrogen-fertilizer, suitable-phosphorus, small-amount-of-potassium-fertilizer"
295,"small-amount-of-nitrogen-fertilizer, suitable-phosphorus, suitable-potassium"
296,"suitable-nitrogen, suitable-phosphorus, small-amount-of-potassium-fertilizer"
297,"small-amount-of-nitrogen-fertilizer, suitable-phosphorus, suitable-potassium"
298,"small-amount-of-nitrogen-fertilizer, suitable-phosphorus, small-amount-of-potassium-fertilizer"
299,"small-amount-of-nitrogen-fertilizer, suitable-phosphorus, small-amount-of-potassium-fertilizer"
300,"suitable-nitrogen, suitable-phosphorus, suitable-potassium"
301,"small-amount-of-nitrogen-fertilizer, suitable-phosphorus, small-amount-of-potassium-fertilizer"
302,"suitable-nitrogen, suitable-phosphorus, small-amount-of-potassium-fertilizer"
303,"small-amount-of-nitrogen-fertilizer, suitable-phosphorus, small-amount-of-potassium-fertilizer"
304,"suitable-nitrogen, suitable-phosphorus, small-amount-of-potassium-fertilizer"
305,"suitable-nitrogen, suitable-phosphorus, small-amount-of-potassium-fertilizer"
306,"small-amount-of-nitrogen-fertilizer, suitable-phosphorus, small-amount-of-potassium-fertilizer"
307,"small-amount-of-nitrogen-fertilizer, suitable-phosphorus, small-amount-of-potassium-fertilizer"
308,"suitable-nitrogen, suitable-phosphorus, small-amount-of-potassium-fertilizer"
309,"small-amount-of-nitrogen-fertilizer, suitable-phosphorus, small-amount-of-potassium-fertilizer"
310,"suitable-nitrogen, suitable-phosphorus, small-amount-of-potassium-fertilizer"
311,"small-amount-of-nitrogen-fertilizer, suitable-phosphorus, small-amount-of-potassium-fertilizer"
312,"small-amount-of-nitrogen-fertilizer, suitable-phosphorus, small-amount-of-potassium-fertilizer"
313,"suitable-nitrogen, suitable-phosphorus, small-amount-of-potassium-fertilizer"
314,"small-amount-of-nitrogen-fertilizer, suitable-phosphorus, small-amount-of-potassium-fertilizer"
315,"suitable-nitrogen, suitable-phosphorus, suitable-potassium"
316,"suitable-nitrogen, suitable-phosphorus, suitable-potassium"
317,"small-amount-of-nitrogen-fertilizer, suitable-phosphorus, small-amount-of-potassium-fertilizer"
318,"small-amount-of-nitrogen-fertilizer, suitable-phosphorus, suitable-potassium"
319,"small-amount-of-nitrogen-fertilizer, suitable-phosphorus, small-amount-of-potassium-fertilizer"
320,"small-amount-of-nitrogen-fertilizer, suitable-phosphorus, suitable-potassium"
321,"suitable-nitrogen, suitable-phosphorus, small-amount-of-potassium-fertilizer"
322,"small-amount-of-nitrogen-fertilizer, suitable-phosphorus, small-amount-of-potassium-fertilizer"
323,"small-amount-of-nitrogen-fertilizer, suitable-phosphorus, small-amount-of-potassium-fertilizer"
324,"small-amount-of-nitrogen-fertilizer, suitable-phosphorus, suitable-potassium"
325,"suitable-nitrogen, suitable-phosphorus, suitable-potassium"
326,"suitable-nitrogen, suitable-phosphorus, small-amount-of-potassium-fertilizer"
327,"small-amount-of-nitrogen-fertilizer, suitable-phosphorus, small-amount-of-potassium-fertilizer"
328,"suitable-nitrogen, suitable-phosphorus, lots-of-potassium-fertilizer"
329,"suitable-nitrogen, suitable-phosphorus, lots-of-potassium-fertilizer"
330,"small-amount-of-nitrogen-fertilizer, suitable-phosphorus, lots-of-potassium-fertilizer"
331,"small-amount-of-nitrogen-fertilizer, suitable-phosphorus, lots-of-potassium-fertilizer"
332,"suitable-nitrogen, suitable-phosphorus, suitable-potassium"
333,"suitable-nitrogen, suitable-phosphorus, small-amount-of-potassium-fertilizer"
334,"small-amount-of-nitrogen-fertilizer, suitable-phosphorus, small-amount-of-potassium-fertilizer"
335,"small-amount-of-nitrogen-fertilizer, lots-of-phosphorus-fertilizer, small-amount-of-potassium-fertilizer"
336,"small-amount-of-nitrogen-fertilizer, lots-of-phosphorus-fertilizer, suitable-potassium"
337,"small-amount-of-nitrogen-fertilizer, lots-of-phosphorus-fertilizer, lots-of-potassium-fertilizer"
338,"small-amount-of-nitrogen-fertilizer, suitable-phosphorus, lots-of-potassium-fertilizer"
339,"small-amount-of-nitrogen-fertilizer, suitable-phosphorus, small-amount-of-potassium-fertilizer"
340,"small-amount-of-nitrogen-fertilizer, suitable-phosphorus, small-amount-of-potassium-fertilizer"
341,"small-amount-of-nitrogen-fertilizer, suitable-phosphorus, small-amount-of-potassium-fertilizer"
342,"small-amount-of-nitrogen-fertilizer, suitable-phosphorus, small-amount-of-potassium-fertilizer"
343,"small-amount-of-nitrogen-fertilizer, suitable-phosphorus, small-amount-of-potassium-fertilizer"
344,"small-amount-of-nitrogen-fertilizer, suitable-phosphorus, small-amount-of-potassium-fertilizer"
345,"suitable-nitrogen, suitable-phosphorus, small-amount-of-potassium-fertilizer"
346,"small-amount-of-nitrogen-fertilizer, suitable-phosphorus, small-amount-of-potassium-fertilizer"
347,"suitable-nitrogen, suitable-phosphorus, small-amount-of-potassium-fertilizer"
348,"suitable-nitrogen, suitable-phosphorus, small-amount-of-potassium-fertilizer"
349,"small-amount-of-nitrogen-fertilizer, suitable-phosphorus, small-amount-of-potassium-fertilizer"
350,"small-amount-of-nitrogen-fertilizer, suitable-phosphorus, small-amount-of-potassium-fertilizer"
351,"suitable-nitrogen, suitable-phosphorus, small-amount-of-potassium-fertilizer"
352,"small-amount-of-nitrogen-fertilizer, suitable-phosphorus, small-amount-of-potassium-fertilizer"
353,"small-amount-of-nitrogen-fertilizer, suitable-phosphorus, small-amount-of-potassium-fertilizer"
354,"suitable-nitrogen, suitable-phosphorus, small-amount-of-potassium-fertilizer"
355,"small-amount-of-nitrogen-fertilizer, suitable-phosphorus, small-amount-of-potassium-fertilizer"
356,"small-amount-of-nitrogen-fertilizer, suitable-phosphorus, small-amount-of-potassium-fertilizer"
357,"suitable-nitrogen, suitable-phosphorus, small-amount-of-potassium-fertilizer"
358,"suitable-nitrogen, suitable-phosphorus, small-amount-of-potassium-fertilizer"
359,"small-amount-of-nitrogen-fertilizer, suitable-phosphorus, small-amount-of-potassium-fertilizer"
360,"small-amount-of-nitrogen-fertilizer, suitable-phosphorus, small-amount-of-potassium-fertilizer"
361,"small-amount-of-nitrogen-fertilizer, suitable-phosphorus, small-amount-of-potassium-fertilizer"
362,"small-amount-of-nitrogen-fertilizer, suitable-phosphorus, small-amount-of-potassium-fertilizer"
363,"small-amount-of-nitrogen-fertilizer, suitable-phosphorus, small-amount-of-potassium-fertilizer"
364,"small-amount-of-nitrogen-fertilizer, suitable-phosphorus, small-amount-of-potassium-fertilizer"
365,"suitable-nitrogen, suitable-phosphorus, small-amount-of-potassium-fertilizer"
366,"small-amount-of-nitrogen-fertilizer, suitable-phosphorus, small-amount-of-potassium-fertilizer"
367,"small-amount-of-nitrogen-fertilizer, suitable-phosphorus, small-amount-of-potassium-fertilizer"
368,"suitable-nitrogen, suitable-phosphorus, small-amount-of-potassium-fertilizer"
369,"suitable-nitrogen, suitable-phosphorus, small-amount-of-potassium-fertilizer"
370,"suitable-nitrogen, suitable-phosphorus, small-amount-of-potassium-fertilizer"
371,"suitable-nitrogen, suitable-phosphorus, small-amount-of-potassium-fertilizer"
372,"small-amount-of-nitrogen-fertilizer, suitable-phosphorus, small-amount-of-potassium-fertilizer"
373,"small-amount-of-nitrogen-fertilizer, suitable-phosphorus, small-amount-of-potassium-fertilizer"
374,"small-amount-of-nitrogen-fertilizer, suitable-phosphorus, small-amount-of-potassium-fertilizer"
375,"small-amount-of-nitrogen-fertilizer, suitable-phosphorus, small-amount-of-potassium-fertilizer"
376,"small-amount-of-nitrogen-fertilizer, suitable-phosphorus, small-amount-of-potassium-fertilizer"
377,"suitable-nitrogen, suitable-phosphorus, small-amount-of-potassium-fertilizer"
378,"small-amount-of-nitrogen-fertilizer, suitable-phosphorus, suitable-potassium"
379,"small-amount-of-nitrogen-fertilizer, suitable-phosphorus, small-amount-of-potassium-fertilizer"
380,"suitable-nitrogen, suitable-phosphorus, small-amount-of-potassium-fertilizer"
381,"suitable-nitrogen, suitable-phosphorus, small-amount-of-potassium-fertilizer"
382,"small-amount-of-nitrogen-fertilizer, suitable-phosphorus, small-amount-of-potassium-fertilizer"
383,"small-amount-of-nitrogen-fertilizer, suitable-phosphorus, small-amount-of-potassium-fertilizer"
384,"small-amount-of-nitrogen-fertilizer, suitable-phosphorus, suitable-potassium"
385,"suitable-nitrogen, suitable-phosphorus, small-amount-of-potassium-fertilizer"
386,"small-amount-of-nitrogen-fertilizer, suitable-phosphorus, small-amount-of-potassium-fertilizer"
387,"small-amount-of-nitrogen-fertilizer, suitable-phosphorus, small-amount-of-potassium-fertilizer"
388,"small-amount-of-nitrogen-fertilizer, suitable-phosphorus, small-amount-of-potassium-fertilizer"
389,"small-amount-of-nitrogen-fertilizer, suitable-phosphorus, small-amount-of-potassium-fertilizer"
390,"small-amount-of-nitrogen-fertilizer, suitable-phosphorus, small-amount-of-potassium-fertilizer"
391,"small-amount-of-nitrogen-fertilizer, suitable-phosphorus, small-amount-of-potassium-fertilizer"
392,"small-amount-of-nitrogen-fertilizer, suitable-phosphorus, small-amount-of-potassium-fertilizer"
393,"small-amount-of-nitrogen-fertilizer, suitable-phosphorus, small-amount-of-potassium-fertilizer"
394,"small-amount-of-nitrogen-fertilizer, suitable-phosphorus, small-amount-of-potassium-fertilizer"
395,"small-amount-of-nitrogen-fertilizer, suitable-phosphorus, small-amount-of-potassium-fertilizer"
396,"suitable-nitrogen, suitable-phosphorus, small-amount-of-potassium-fertilizer"
397,"suitable-nitrogen, suitable-phosphorus, small-amount-of-potassium-fertilizer"
398,"small-amount-of-nitrogen-fertilizer, suitable-phosphorus, suitable-potassium"
399,"small-amount-of-nitrogen-fertilizer, suitable-phosphorus, small-amount-of-potassium-fertilizer"
400,"small-amount-of-nitrogen-fertilizer, suitable-phosphorus, small-amount-of-potassium-fertilizer"
401,"suitable-nitrogen, suitable-phosphorus, suitable-potassium"
402,"small-amount-of-nitrogen-fertilizer, suitable-phosphorus, small-amount-of-potassium-fertilizer"
403,"small-amount-of-nitrogen-fertilizer, suitable-phosphorus, small-amount-of-potassium-fertilizer"
404,"small-amount-of-nitrogen-fertilizer, suitable-phosphorus, small-amount-of-potassium-fertilizer"
405,"small-amount-of-nitrogen-fertilizer, suitable-phosphorus, small-amount-of-potassium-fertilizer"
406,"small-amount-of-nitrogen-fertilizer, suitable-phosphorus, small-amount-of-potassium-fertilizer"
407,"suitable-nitrogen, suitable-phosphorus, small-amount-of-potassium-fertilizer"
408,"small-amount-of-nitrogen-fertilizer, suitable-phosphorus, small-amount-of-potassium-fertilizer"
409,"small-amount-of-nitrogen-fertilizer, suitable-phosphorus, small-amount-of-potassium-fertilizer"
410,"small-amount-of-nitrogen-fertilizer, suitable-phosphorus, small-amount-of-potassium-fertilizer"
411,"small-amount-of-nitrogen-fertilizer, suitable-phosphorus, suitable-potassium"
412,"suitable-nitrogen, suitable-phosphorus, small-amount-of-potassium-fertilizer"
413,"small-amount-of-nitrogen-fertilizer, suitable-phosphorus, small-amount-of-potassium-fertilizer"
414,"suitable-nitrogen, suitable-phosphorus, small-amount-of-potassium-fertilizer"
415,"small-amount-of-nitrogen-fertilizer, suitable-phosphorus, small-amount-of-potassium-fertilizer"
416,"small-amount-of-nitrogen-fertilizer, suitable-phosphorus, suitable-potassium"
417,"small-amount-of-nitrogen-fertilizer, suitable-phosphorus, small-amount-of-potassium-fertilizer"
418,"small-amount-of-nitrogen-fertilizer, suitable-phosphorus, small-amount-of-potassium-fertilizer"
419,"small-amount-of-nitrogen-fertilizer, suitable-phosphorus, small-amount-of-potassium-fertilizer"
420,"suitable-nitrogen, suitable-phosphorus, small-amount-of-potassium-fertilizer"
421,"small-amount-of-nitrogen-fertilizer, suitable-phosphorus, small-amount-of-potassium-fertilizer"
422,"suitable-nitrogen, suitable-phosphorus, small-amount-of-potassium-fertilizer"
423,"small-amount-of-nitrogen-fertilizer, suitable-phosphorus, small-amount-of-potassium-fertilizer"
424,"small-amount-of-nitrogen-fertilizer, suitable-phosphorus, small-amount-of-potassium-fertilizer"
425,"small-amount-of-nitrogen-fertilizer, suitable-phosphorus, small-amount-of-potassium-fertilizer"
426,"suitable-nitrogen, suitable-phosphorus, small-amount-of-potassium-fertilizer"
427,"small-amount-of-nitrogen-fertilizer, suitable-phosphorus, small-amount-of-potassium-fertilizer"
428,"small-amount-of-nitrogen-fertilizer, suitable-phosphorus, small-amount-of-potassium-fertilizer"
429,"small-amount-of-nitrogen-fertilizer, suitable-phosphorus, small-amount-of-potassium-fertilizer"
430,"small-amount-of-nitrogen-fertilizer, suitable-phosphorus, small-amount-of-potassium-fertilizer"
431,"small-amount-of-nitrogen-fertilizer, suitable-phosphorus, small-amount-of-potassium-fertilizer"
432,"suitable-nitrogen, suitable-phosphorus, small-amount-of-potassium-fertilizer"
433,"small-amount-of-nitrogen-fertilizer, suitable-phosphorus, small-amount-of-potassium-fertilizer"
434,"small-amount-of-nitrogen-fertilizer, suitable-phosphorus, suitable-potassium"
435,"small-amount-of-nitrogen-fertilizer, suitable-phosphorus, suitable-potassium"
436,"small-amount-of-nitrogen-fertilizer, suitable-phosphorus, suitable-potassium"
437,"small-amount-of-nitrogen-fertilizer, suitable-phosphorus, small-amount-of-potassium-fertilizer"
438,"small-amount-of-nitrogen-fertilizer, suitable-phosphorus, small-amount-of-potassium-fertilizer"
439,"small-amount-of-nitrogen-fertilizer, suitable-phosphorus, small-amount-of-potassium-fertilizer"
440,"suitable-nitrogen, suitable-phosphorus, small-amount-of-potassium-fertilizer"
441,"suitable-nitrogen, suitable-phosphorus, small-amount-of-potassium-fertilizer"
442,"small-amount-of-nitrogen-fertilizer, suitable-phosphorus, small-amount-of-potassium-fertilizer"
443,"small-amount-of-nitrogen-fertilizer, suitable-phosphorus, small-amount-of-potassium-fertilizer"
444,"small-amount-of-nitrogen-fertilizer, suitable-phosphorus, small-amount-of-potassium-fertilizer"
445,"small-amount-of-nitrogen-fertilizer, suitable-phosphorus, small-amount-of-potassium-fertilizer"
446,"suitable-nitrogen, suitable-phosphorus, small-amount-of-potassium-fertilizer"
447,"small-amount-of-nitrogen-fertilizer, suitable-phosphorus, small-amount-of-potassium-fertilizer"
448,"small-amount-of-nitrogen-fertilizer, suitable-phosphorus, small-amount-of-potassium-fertilizer"
449,"small-amount-of-nitrogen-fertilizer, suitable-phosphorus, small-amount-of-potassium-fertilizer"
450,"small-amount-of-nitrogen-fertilizer, suitable-phosphorus, small-amount-of-potassium-fertilizer"
451,"small-amount-of-nitrogen-fertilizer, suitable-phosphorus, small-amount-of-potassium-fertilizer"
452,"small-amount-of-nitrogen-fertilizer, suitable-phosphorus, suitable-potassium"
453,"small-amount-of-nitrogen-fertilizer, suitable-phosphorus, small-amount-of-potassium-fertilizer"
454,"small-amount-of-nitrogen-fertilizer, suitable-phosphorus, small-amount-of-potassium-fertilizer"
455,"small-amount-of-nitrogen-fertilizer, suitable-phosphorus, small-amount-of-potassium-fertilizer"
456,"suitable-nitrogen, suitable-phosphorus, small-amount-of-potassium-fertilizer"
457,"small-amount-of-nitrogen-fertilizer, suitable-phosphorus, small-amount-of-potassium-fertilizer"
458,"small-amount-of-nitrogen-fertilizer, suitable-phosphorus, suitable-potassium"
459,"small-amount-of-nitrogen-fertilizer, suitable-phosphorus, suitable-potassium"
460,"small-amount-of-nitrogen-fertilizer, suitable-phosphorus, suitable-potassium"
461,"small-amount-of-nitrogen-fertilizer, suitable-phosphorus, small-amount-of-potassium-fertilizer"
462,"small-amount-of-nitrogen-fertilizer, suitable-phosphorus, small-amount-of-potassium-fertilizer"
463,"small-amount-of-nitrogen-fertilizer, suitable-phosphorus, small-amount-of-potassium-fertilizer"
464,"suitable-nitrogen, suitable-phosphorus, small-amount-of-potassium-fertilizer"
465,"small-amount-of-nitrogen-fertilizer, suitable-phosphorus, small-amount-of-potassium-fertilizer"
466,"small-amount-of-nitrogen-fertilizer, suitable-phosphorus, small-amount-of-potassium-fertilizer"
467,"small-amount-of-nitrogen-fertilizer, suitable-phosphorus, small-amount-of-potassium-fertilizer"
468,"suitable-nitrogen, suitable-phosphorus, small-amount-of-potassium-fertilizer"
469,"small-amount-of-nitrogen-fertilizer, suitable-phosphorus, small-amount-of-potassium-fertilizer"
470,"suitable-nitrogen, suitable-phosphorus, small-amount-of-potassium-fertilizer"
471,"suitable-nitrogen, suitable-phosphorus, small-amount-of-potassium-fertilizer"
472,"small-amount-of-nitrogen-fertilizer, suitable-phosphorus, suitable-potassium"
473,"small-amount-of-nitrogen-fertilizer, suitable-phosphorus, small-amount-of-potassium-fertilizer"
474,"small-amount-of-nitrogen-fertilizer, suitable-phosphorus, small-amount-of-potassium-fertilizer"
475,"small-amount-of-nitrogen-fertilizer, suitable-phosphorus, suitable-potassium"
476,"small-amount-of-nitrogen-fertilizer, suitable-phosphorus, small-amount-of-potassium-fertilizer"
477,"small-amount-of-nitrogen-fertilizer, suitable-phosphorus, suitable-potassium"
478,"lots-of-nitrogen-fertilizer, suitable-phosphorus, small-amount-of-potassium-fertilizer"
479,"small-amount-of-nitrogen-fertilizer, suitable-phosphorus, small-amount-of-potassium-fertilizer"
480,"small-amount-of-nitrogen-fertilizer, suitable-phosphorus, small-amount-of-potassium-fertilizer"
481,"small-amount-of-nitrogen-fertilizer, suitable-phosphorus, small-amount-of-potassium-fertilizer"
482,"lots-of-nitrogen-fertilizer, suitable-phosphorus, small-amount-of-potassium-fertilizer"
483,"suitable-nitrogen, suitable-phosphorus, small-amount-of-potassium-fertilizer"
484,"small-amount-of-nitrogen-fertilizer, suitable-phosphorus, small-amount-of-potassium-fertilizer"
485,"suitable-nitrogen, suitable-phosphorus, small-amount-of-potassium-fertilizer"
486,"lots-of-nitrogen-fertilizer, suitable-phosphorus, small-amount-of-potassium-fertilizer"
487,"small-amount-of-nitrogen-fertilizer, suitable-phosphorus, small-amount-of-potassium-fertilizer"
488,"suitable-nitrogen, suitable-phosphorus, small-amount-of-potassium-fertilizer"
489,"small-amount-of-nitrogen-fertilizer, suitable-phosphorus, small-amount-of-potassium-fertilizer"
490,"lots-of-nitrogen-fertilizer, suitable-phosphorus, small-amount-of-potassium-fertilizer"
491,"small-amount-of-nitrogen-fertilizer, suitable-phosphorus, small-amount-of-potassium-fertilizer"
492,"small-amount-of-nitrogen-fertilizer, suitable-phosphorus, small-amount-of-potassium-fertilizer"
493,"small-amount-of-nitrogen-fertilizer, suitable-phosphorus, lots-of-potassium-fertilizer"
494,"small-amount-of-nitrogen-fertilizer, suitable-phosphorus, small-amount-of-potassium-fertilizer"
495,"small-amount-of-nitrogen-fertilizer, lots-of-phosphorus-fertilizer, suitable-potassium"
496,"small-amount-of-nitrogen-fertilizer, suitable-phosphorus, small-amount-of-potassium-fertilizer"
497,"small-amount-of-nitrogen-fertilizer, suitable-phosphorus, small-amount-of-potassium-fertilizer"
498,"small-amount-of-nitrogen-fertilizer, suitable-phosphorus, small-amount-of-potassium-fertilizer"
499,"small-amount-of-nitrogen-fertilizer, suitable-phosphorus, small-amount-of-potassium-fertilizer"
500,"suitable-nitrogen, suitable-phosphorus, small-amount-of-potassium-fertilizer"
501,"lots-of-nitrogen-fertilizer, suitable-phosphorus, lots-of-potassium-fertilizer"
502,"small-amount-of-nitrogen-fertilizer, suitable-phosphorus, lots-of-potassium-fertilizer"
503,"small-amount-of-nitrogen-fertilizer, suitable-phosphorus, suitable-potassium"
504,"small-amount-of-nitrogen-fertilizer, suitable-phosphorus, small-amount-of-potassium-fertilizer"
505,"small-amount-of-nitrogen-fertilizer, small-amount-of-phosphorus-fertilizer, small-amount-of-potassium-fertilizer"
506,"small-amount-of-nitrogen-fertilizer, suitable-phosphorus, small-amount-of-potassium-fertilizer"
507,"suitable-nitrogen, suitable-phosphorus, small-amount-of-potassium-fertilizer"
508,"small-amount-of-nitrogen-fertilizer, suitable-phosphorus, small-amount-of-potassium-fertilizer"
509,"small-amount-of-nitrogen-fertilizer, suitable-phosphorus, suitable-potassium"
510,"suitable-nitrogen, suitable-phosphorus, small-amount-of-potassium-fertilizer"
511,"suitable-nitrogen, suitable-phosphorus, small-amount-of-potassium-fertilizer"
512,"small-amount-of-nitrogen-fertilizer, suitable-phosphorus, small-amount-of-potassium-fertilizer"
513,"small-amount-of-nitrogen-fertilizer, suitable-phosphorus, suitable-potassium"
514,"suitable-nitrogen, suitable-phosphorus, small-amount-of-potassium-fertilizer"
515,"small-amount-of-nitrogen-fertilizer, suitable-phosphorus, small-amount-of-potassium-fertilizer"
516,"small-amount-of-nitrogen-fertilizer, suitable-phosphorus, small-amount-of-potassium-fertilizer"
517,"small-amount-of-nitrogen-fertilizer, suitable-phosphorus, suitable-potassium"
518,"small-amount-of-nitrogen-fertilizer, suitable-phosphorus, suitable-potassium"
519,"small-amount-of-nitrogen-fertilizer, suitable-phosphorus, small-amount-of-potassium-fertilizer"
520,"small-amount-of-nitrogen-fertilizer, suitable-phosphorus, suitable-potassium"
521,"small-amount-of-nitrogen-fertilizer, suitable-phosphorus, small-amount-of-potassium-fertilizer"
522,"small-amount-of-nitrogen-fertilizer, suitable-phosphorus, small-amount-of-potassium-fertilizer"
523,"small-amount-of-nitrogen-fertilizer, suitable-phosphorus, small-amount-of-potassium-fertilizer"
524,"suitable-nitrogen, suitable-phosphorus, small-amount-of-potassium-fertilizer"
525,"small-amount-of-nitrogen-fertilizer, suitable-phosphorus, small-amount-of-potassium-fertilizer"
526,"small-amount-of-nitrogen-fertilizer, suitable-phosphorus, small-amount-of-potassium-fertilizer"
527,"small-amount-of-nitrogen-fertilizer, suitable-phosphorus, suitable-potassium"
528,"suitable-nitrogen, suitable-phosphorus, small-amount-of-potassium-fertilizer"
529,"small-amount-of-nitrogen-fertilizer, suitable-phosphorus, small-amount-of-potassium-fertilizer"
530,"small-amount-of-nitrogen-fertilizer, suitable-phosphorus, small-amount-of-potassium-fertilizer"
531,"suitable-nitrogen, suitable-phosphorus, small-amount-of-potassium-fertilizer"
532,"small-amount-of-nitrogen-fertilizer, suitable-phosphorus, small-amount-of-potassium-fertilizer"
533,"small-amount-of-nitrogen-fertilizer, suitable-phosphorus, small-amount-of-potassium-fertilizer"
534,"small-amount-of-nitrogen-fertilizer, suitable-phosphorus, small-amount-of-potassium-fertilizer"
535,"small-amount-of-nitrogen-fertilizer, suitable-phosphorus, small-amount-of-potassium-fertilizer"
536,"small-amount-of-nitrogen-fertilizer, suitable-phosphorus, small-amount-of-potassium-fertilizer"
537,"small-amount-of-nitrogen-fertilizer, suitable-phosphorus, small-amount-of-potassium-fertilizer"
538,"suitable-nitrogen, suitable-phosphorus, suitable-potassium"
539,"small-amount-of-nitrogen-fertilizer, suitable-phosphorus, small-amount-of-potassium-fertilizer"
540,"small-amount-of-nitrogen-fertilizer, suitable-phosphorus, small-amount-of-potassium-fertilizer"
541,"small-amount-of-nitrogen-fertilizer, suitable-phosphorus, small-amount-of-potassium-fertilizer"
542,"suitable-nitrogen, suitable-phosphorus, small-amount-of-potassium-fertilizer"
543,"small-amount-of-nitrogen-fertilizer, suitable-phosphorus, suitable-potassium"
544,"suitable-nitrogen, suitable-phosphorus, suitable-potassium"
545,"small-amount-of-nitrogen-fertilizer, suitable-phosphorus, small-amount-of-potassium-fertilizer"
546,"suitable-nitrogen, suitable-phosphorus, small-amount-of-potassium-fertilizer"
547,"suitable-nitrogen, suitable-phosphorus, small-amount-of-potassium-fertilizer"
548,"small-amount-of-nitrogen-fertilizer, suitable-phosphorus, small-amount-of-potassium-fertilizer"
549,"suitable-nitrogen, suitable-phosphorus, small-amount-of-potassium-fertilizer"
550,"small-amount-of-nitrogen-fertilizer, suitable-phosphorus, small-amount-of-potassium-fertilizer"
551,"small-amount-of-nitrogen-fertilizer, suitable-phosphorus, small-amount-of-potassium-fertilizer"
552,"suitable-nitrogen, suitable-phosphorus, small-amount-of-potassium-fertilizer"
553,"small-amount-of-nitrogen-fertilizer, suitable-phosphorus, small-amount-of-potassium-fertilizer"
554,"suitable-nitrogen, suitable-phosphorus, small-amount-of-potassium-fertilizer"
555,"suitable-nitrogen, suitable-phosphorus, small-amount-of-potassium-fertilizer"
556,"small-amount-of-nitrogen-fertilizer, suitable-phosphorus, small-amount-of-potassium-fertilizer"
557,"small-amount-of-nitrogen-fertilizer, suitable-phosphorus, suitable-potassium"
558,"small-amount-of-nitrogen-fertilizer, suitable-phosphorus, small-amount-of-potassium-fertilizer"
559,"small-amount-of-nitrogen-fertilizer, suitable-phosphorus, small-amount-of-potassium-fertilizer"
560,"small-amount-of-nitrogen-fertilizer, suitable-phosphorus, small-amount-of-potassium-fertilizer"
561,"small-amount-of-nitrogen-fertilizer, suitable-phosphorus, small-amount-of-potassium-fertilizer"
562,"small-amount-of-nitrogen-fertilizer, suitable-phosphorus, suitable-potassium"
563,"small-amount-of-nitrogen-fertilizer, suitable-phosphorus, small-amount-of-potassium-fertilizer"
564,"suitable-nitrogen, suitable-phosphorus, small-amount-of-potassium-fertilizer"
565,"small-amount-of-nitrogen-fertilizer, suitable-phosphorus, small-amount-of-potassium-fertilizer"
566,"small-amount-of-nitrogen-fertilizer, suitable-phosphorus, suitable-potassium"
567,"small-amount-of-nitrogen-fertilizer, suitable-phosphorus, small-amount-of-potassium-fertilizer"
568,"small-amount-of-nitrogen-fertilizer, suitable-phosphorus, small-amount-of-potassium-fertilizer"
569,"small-amount-of-nitrogen-fertilizer, suitable-phosphorus, small-amount-of-potassium-fertilizer"
570,"suitable-nitrogen, suitable-phosphorus, small-amount-of-potassium-fertilizer"
571,"small-amount-of-nitrogen-fertilizer, suitable-phosphorus, small-amount-of-potassium-fertilizer"
572,"small-amount-of-nitrogen-fertilizer, suitable-phosphorus, small-amount-of-potassium-fertilizer"
573,"small-amount-of-nitrogen-fertilizer, suitable-phosphorus, small-amount-of-potassium-fertilizer"
574,"suitable-nitrogen, suitable-phosphorus, small-amount-of-potassium-fertilizer"
575,"small-amount-of-nitrogen-fertilizer, suitable-phosphorus, small-amount-of-potassium-fertilizer"
576,"small-amount-of-nitrogen-fertilizer, suitable-phosphorus, small-amount-of-potassium-fertilizer"
577,"small-amount-of-nitrogen-fertilizer, suitable-phosphorus, small-amount-of-potassium-fertilizer"
578,"small-amount-of-nitrogen-fertilizer, suitable-phosphorus, lots-of-potassium-fertilizer"
579,"suitable-nitrogen, lots-of-phosphorus-fertilizer, suitable-potassium"
580,"small-amount-of-nitrogen-fertilizer, suitable-phosphorus, small-amount-of-potassium-fertilizer"
581,"small-amount-of-nitrogen-fertilizer, suitable-phosphorus, small-amount-of-potassium-fertilizer"
582,"suitable-nitrogen, suitable-phosphorus, small-amount-of-potassium-fertilizer"
583,"small-amount-of-nitrogen-fertilizer, suitable-phosphorus, lots-of-potassium-fertilizer"
584,"suitable-nitrogen, suitable-phosphorus, small-amount-of-potassium-fertilizer"
585,"suitable-nitrogen, lots-of-phosphorus-fertilizer, lots-of-potassium-fertilizer"
586,"small-amount-of-nitrogen-fertilizer, suitable-phosphorus, suitable-potassium"
587,"small-amount-of-nitrogen-fertilizer, suitable-phosphorus, small-amount-of-potassium-fertilizer"
588,"small-amount-of-nitrogen-fertilizer, suitable-phosphorus, small-amount-of-potassium-fertilizer"
589,"suitable-nitrogen, suitable-phosphorus, small-amount-of-potassium-fertilizer"
590,"suitable-nitrogen, suitable-phosphorus, small-amount-of-potassium-fertilizer"
591,"small-amount-of-nitrogen-fertilizer, lots-of-phosphorus-fertilizer, small-amount-of-potassium-fertilizer"
592,"small-amount-of-nitrogen-fertilizer, suitable-phosphorus, suitable-potassium"
593,"suitable-nitrogen, suitable-phosphorus, lots-of-potassium-fertilizer"
594,"small-amount-of-nitrogen-fertilizer, suitable-phosphorus, small-amount-of-potassium-fertilizer"
595,"suitable-nitrogen, lots-of-phosphorus-fertilizer, suitable-potassium"
596,"small-amount-of-nitrogen-fertilizer, lots-of-phosphorus-fertilizer, small-amount-of-potassium-fertilizer"
597,"small-amount-of-nitrogen-fertilizer, suitable-phosphorus, small-amount-of-potassium-fertilizer"
598,"small-amount-of-nitrogen-fertilizer, suitable-phosphorus, suitable-potassium"
599,"small-amount-of-nitrogen-fertilizer, suitable-phosphorus, lots-of-potassium-fertilizer"
600,"small-amount-of-nitrogen-fertilizer, suitable-phosphorus, suitable-potassium"
601,"small-amount-of-nitrogen-fertilizer, suitable-phosphorus, suitable-potassium"
602,"small-amount-of-nitrogen-fertilizer, lots-of-phosphorus-fertilizer, small-amount-of-potassium-fertilizer"
603,"small-amount-of-nitrogen-fertilizer, suitable-phosphorus, lots-of-potassium-fertilizer"
604,"small-amount-of-nitrogen-fertilizer, suitable-phosphorus, small-amount-of-potassium-fertilizer"
605,"suitable-nitrogen, suitable-phosphorus, small-amount-of-potassium-fertilizer"
606,"small-amount-of-nitrogen-fertilizer, suitable-phosphorus, suitable-potassium"
607,"suitable-nitrogen, suitable-phosphorus, small-amount-of-potassium-fertilizer"
608,"small-amount-of-nitrogen-fertilizer, suitable-phosphorus, suitable-potassium"
609,"small-amount-of-nitrogen-fertilizer, suitable-phosphorus, lots-of-potassium-fertilizer"
610,"suitable-nitrogen, suitable-phosphorus, small-amount-of-potassium-fertilizer"
611,"small-amount-of-nitrogen-fertilizer, suitable-phosphorus, small-amount-of-potassium-fertilizer"
612,"small-amount-of-nitrogen-fertilizer, lots-of-phosphorus-fertilizer, suitable-potassium"
613,"suitable-nitrogen, suitable-phosphorus, lots-of-potassium-fertilizer"
614,"small-amount-of-nitrogen-fertilizer, suitable-phosphorus, small-amount-of-potassium-fertilizer"
615,"small-amount-of-nitrogen-fertilizer, suitable-phosphorus, small-amount-of-potassium-fertilizer"
616,"small-amount-of-nitrogen-fertilizer, suitable-phosphorus, small-amount-of-potassium-fertilizer"
617,"small-amount-of-nitrogen-fertilizer, suitable-phosphorus, suitable-potassium"
618,"small-amount-of-nitrogen-fertilizer, lots-of-phosphorus-fertilizer, small-amount-of-potassium-fertilizer"
619,"small-amount-of-nitrogen-fertilizer, lots-of-phosphorus-fertilizer, small-amount-of-potassium-fertilizer"
620,"suitable-nitrogen, lots-of-phosphorus-fertilizer, small-amount-of-potassium-fertilizer"
621,"small-amount-of-nitrogen-fertilizer, suitable-phosphorus, small-amount-of-potassium-fertilizer"
622,"suitable-nitrogen, suitable-phosphorus, suitable-potassium"
623,"suitable-nitrogen, suitable-phosphorus, small-amount-of-potassium-fertilizer"
624,"small-amount-of-nitrogen-fertilizer, lots-of-phosphorus-fertilizer, small-amount-of-potassium-fertilizer"
625,"small-amount-of-nitrogen-fertilizer, suitable-phosphorus, small-amount-of-potassium-fertilizer"
626,"small-amount-of-nitrogen-fertilizer, suitable-phosphorus, small-amount-of-potassium-fertilizer"
627,"small-amount-of-nitrogen-fertilizer, lots-of-phosphorus-fertilizer, small-amount-of-potassium-fertilizer"
628,"small-amount-of-nitrogen-fertilizer, suitable-phosphorus, small-amount-of-potassium-fertilizer"
629,"small-amount-of-nitrogen-fertilizer, suitable-phosphorus, small-amount-of-potassium-fertilizer"
630,"small-amount-of-nitrogen-fertilizer, lots-of-phosphorus-fertilizer, small-amount-of-potassium-fertilizer"
631,"small-amount-of-nitrogen-fertilizer, suitable-phosphorus, small-amount-of-potassium-fertilizer"
632,"small-amount-of-nitrogen-fertilizer, suitable-phosphorus, small-amount-of-potassium-fertilizer"
633,"suitable-nitrogen, suitable-phosphorus, small-amount-of-potassium-fertilizer"
634,"small-amount-of-nitrogen-fertilizer, suitable-phosphorus, suitable-potassium"
635,"suitable-nitrogen, suitable-phosphorus, small-amount-of-potassium-fertilizer"
636,"small-amount-of-nitrogen-fertilizer, suitable-phosphorus, small-amount-of-potassium-fertilizer"
637,"small-amount-of-nitrogen-fertilizer, suitable-phosphorus, small-amount-of-potassium-fertilizer"
638,"suitable-nitrogen, suitable-phosphorus, small-amount-of-potassium-fertilizer"
639,"small-amount-of-nitrogen-fertilizer, suitable-phosphorus, small-amount-of-potassium-fertilizer"
640,"small-amount-of-nitrogen-fertilizer, suitable-phosphorus, small-amount-of-potassium-fertilizer"
641,"small-amount-of-nitrogen-fertilizer, suitable-phosphorus, small-amount-of-potassium-fertilizer"
642,"small-amount-of-nitrogen-fertilizer, suitable-phosphorus, suitable-potassium"
643,"small-amount-of-nitrogen-fertilizer, lots-of-phosphorus-fertilizer, small-amount-of-potassium-fertilizer"
644,"small-amount-of-nitrogen-fertilizer, suitable-phosphorus, small-amount-of-potassium-fertilizer"
645,"small-amount-of-nitrogen-fertilizer, suitable-phosphorus, small-amount-of-potassium-fertilizer"
646,"small-amount-of-nitrogen-fertilizer, suitable-phosphorus, small-amount-of-potassium-fertilizer"
647,"small-amount-of-nitrogen-fertilizer, suitable-phosphorus, lots-of-potassium-fertilizer"
648,"small-amount-of-nitrogen-fertilizer, suitable-phosphorus, suitable-potassium"
649,"lots-of-nitrogen-fertilizer, suitable-phosphorus, small-amount-of-potassium-fertilizer"
650,"small-amount-of-nitrogen-fertilizer, suitable-phosphorus, suitable-potassium"
651,"suitable-nitrogen, suitable-phosphorus, small-amount-of-potassium-fertilizer"
652,"small-amount-of-nitrogen-fertilizer, suitable-phosphorus, lots-of-potassium-fertilizer"
653,"small-amount-of-nitrogen-fertilizer, lots-of-phosphorus-fertilizer, small-amount-of-potassium-fertilizer"
654,"small-amount-of-nitrogen-fertilizer, suitable-phosphorus, small-amount-of-potassium-fertilizer"
655,"small-amount-of-nitrogen-fertilizer, suitable-phosphorus, small-amount-of-potassium-fertilizer"
656,"suitable-nitrogen, suitable-phosphorus, small-amount-of-potassium-fertilizer"
657,"suitable-nitrogen, suitable-phosphorus, small-amount-of-potassium-fertilizer"
658,"small-amount-of-nitrogen-fertilizer, lots-of-phosphorus-fertilizer, suitable-potassium"
659,"suitable-nitrogen, suitable-phosphorus, lots-of-potassium-fertilizer"
660,"small-amount-of-nitrogen-fertilizer, lots-of-phosphorus-fertilizer, small-amount-of-potassium-fertilizer"
661,"suitable-nitrogen, suitable-phosphorus, small-amount-of-potassium-fertilizer"
662,"small-amount-of-nitrogen-fertilizer, suitable-phosphorus, small-amount-of-potassium-fertilizer"
663,"small-amount-of-nitrogen-fertilizer, suitable-phosphorus, small-amount-of-potassium-fertilizer"
664,"small-amount-of-nitrogen-fertilizer, suitable-phosphorus, small-amount-of-potassium-fertilizer"
665,"suitable-nitrogen, suitable-phosphorus, small-amount-of-potassium-fertilizer"
666,"suitable-nitrogen, suitable-phosphorus, small-amount-of-potassium-fertilizer"
667,"suitable-nitrogen, suitable-phosphorus, small-amount-of-potassium-fertilizer"
668,"suitable-nitrogen, suitable-phosphorus, small-amount-of-potassium-fertilizer"
669,"small-amount-of-nitrogen-fertilizer, suitable-phosphorus, small-amount-of-potassium-fertilizer"
670,"suitable-nitrogen, suitable-phosphorus, small-amount-of-potassium-fertilizer"
671,"small-amount-of-nitrogen-fertilizer, suitable-phosphorus, small-amount-of-potassium-fertilizer"
672,"small-amount-of-nitrogen-fertilizer, suitable-phosphorus, small-amount-of-potassium-fertilizer"
673,"suitable-nitrogen, suitable-phosphorus, small-amount-of-potassium-fertilizer"
674,"small-amount-of-nitrogen-fertilizer, suitable-phosphorus, small-amount-of-potassium-fertilizer"
675,"small-amount-of-nitrogen-fertilizer, small-amount-of-phosphorus-fertilizer, small-amount-of-potassium-fertilizer"
676,"small-amount-of-nitrogen-fertilizer, suitable-phosphorus, suitable-potassium"
677,"suitable-nitrogen, suitable-phosphorus, suitable-potassium"
678,"small-amount-of-nitrogen-fertilizer, suitable-phosphorus, small-amount-of-potassium-fertilizer"
679,"small-amount-of-nitrogen-fertilizer, lots-of-phosphorus-fertilizer, small-amount-of-potassium-fertilizer"
680,"small-amount-of-nitrogen-fertilizer, suitable-phosphorus, small-amount-of-potassium-fertilizer"
681,"suitable-nitrogen, suitable-phosphorus, small-amount-of-potassium-fertilizer"
682,"small-amount-of-nitrogen-fertilizer, suitable-phosphorus, small-amount-of-potassium-fertilizer"
683,"small-amount-of-nitrogen-fertilizer, suitable-phosphorus, suitable-potassium"
684,"small-amount-of-nitrogen-fertilizer, suitable-phosphorus, small-amount-of-potassium-fertilizer"
685,"suitable-nitrogen, suitable-phosphorus, small-amount-of-potassium-fertilizer"
686,"small-amount-of-nitrogen-fertilizer, suitable-phosphorus, small-amount-of-potassium-fertilizer"
687,"small-amount-of-nitrogen-fertilizer, lots-of-phosphorus-fertilizer, small-amount-of-potassium-fertilizer"
688,"small-amount-of-nitrogen-fertilizer, suitable-phosphorus, small-amount-of-potassium-fertilizer"
689,"small-amount-of-nitrogen-fertilizer, suitable-phosphorus, suitable-potassium"
690,"suitable-nitrogen, suitable-phosphorus, suitable-potassium"
691,"small-amount-of-nitrogen-fertilizer, suitable-phosphorus, suitable-potassium"
692,"small-amount-of-nitrogen-fertilizer, suitable-phosphorus, small-amount-of-potassium-fertilizer"
693,"small-amount-of-nitrogen-fertilizer, suitable-phosphorus, small-amount-of-potassium-fertilizer"
694,"small-amount-of-nitrogen-fertilizer, suitable-phosphorus, small-amount-of-potassium-fertilizer"
695,"small-amount-of-nitrogen-fertilizer, suitable-phosphorus, small-amount-of-potassium-fertilizer"
696,"small-amount-of-nitrogen-fertilizer, suitable-phosphorus, small-amount-of-potassium-fertilizer"
697,"small-amount-of-nitrogen-fertilizer, suitable-phosphorus, small-amount-of-potassium-fertilizer"
698,"suitable-nitrogen, suitable-phosphorus, small-amount-of-potassium-fertilizer"
699,"suitable-nitrogen, suitable-phosphorus, suitable-potassium"
700,"small-amount-of-nitrogen-fertilizer, suitable-phosphorus, small-amount-of-potassium-fertilizer"
701,"small-amount-of-nitrogen-fertilizer, suitable-phosphorus, small-amount-of-potassium-fertilizer"
702,"small-amount-of-nitrogen-fertilizer, suitable-phosphorus, suitable-potassium"
703,"small-amount-of-nitrogen-fertilizer, suitable-phosphorus, small-amount-of-potassium-fertilizer"
704,"suitable-nitrogen, suitable-phosphorus, small-amount-of-potassium-fertilizer"
705,"small-amount-of-nitrogen-fertilizer, suitable-phosphorus, small-amount-of-potassium-fertilizer"
706,"small-amount-of-nitrogen-fertilizer, suitable-phosphorus, small-amount-of-potassium-fertilizer"
707,"suitable-nitrogen, suitable-phosphorus, small-amount-of-potassium-fertilizer"
708,"suitable-nitrogen, suitable-phosphorus, small-amount-of-potassium-fertilizer"
709,"small-amount-of-nitrogen-fertilizer, suitable-phosphorus, small-amount-of-potassium-fertilizer"
710,"suitable-nitrogen, suitable-phosphorus, small-amount-of-potassium-fertilizer"
711,"suitable-nitrogen, suitable-phosphorus, small-amount-of-potassium-fertilizer"
712,"suitable-nitrogen, suitable-phosphorus, small-amount-of-potassium-fertilizer"
713,"suitable-nitrogen, suitable-phosphorus, small-amount-of-potassium-fertilizer"
714,"suitable-nitrogen, suitable-phosphorus, small-amount-of-potassium-fertilizer"
715,"small-amount-of-nitrogen-fertilizer, suitable-phosphorus, small-amount-of-potassium-fertilizer"
716,"small-amount-of-nitrogen-fertilizer, suitable-phosphorus, suitable-potassium"
717,"small-amount-of-nitrogen-fertilizer, suitable-phosphorus, small-amount-of-potassium-fertilizer"
718,"suitable-nitrogen, suitable-phosphorus, suitable-potassium"
719,"small-amount-of-nitrogen-fertilizer, suitable-phosphorus, small-amount-of-potassium-fertilizer"
720,"small-amount-of-nitrogen-fertilizer, suitable-phosphorus, suitable-potassium"
721,"suitable-nitrogen, suitable-phosphorus, small-amount-of-potassium-fertilizer"
722,"small-amount-of-nitrogen-fertilizer, suitable-phosphorus, small-amount-of-potassium-fertilizer"
723,"small-amount-of-nitrogen-fertilizer, suitable-phosphorus, small-amount-of-potassium-fertilizer"
724,"suitable-nitrogen, suitable-phosphorus, small-amount-of-potassium-fertilizer"
725,"suitable-nitrogen, suitable-phosphorus, small-amount-of-potassium-fertilizer"
726,"small-amount-of-nitrogen-fertilizer, suitable-phosphorus, small-amount-of-potassium-fertilizer"
727,"small-amount-of-nitrogen-fertilizer, suitable-phosphorus, small-amount-of-potassium-fertilizer"
728,"suitable-nitrogen, suitable-phosphorus, small-amount-of-potassium-fertilizer"
729,"small-amount-of-nitrogen-fertilizer, suitable-phosphorus, small-amount-of-potassium-fertilizer"
730,"small-amount-of-nitrogen-fertilizer, suitable-phosphorus, suitable-potassium"
731,"small-amount-of-nitrogen-fertilizer, suitable-phosphorus, small-amount-of-potassium-fertilizer"
732,"small-amount-of-nitrogen-fertilizer, suitable-phosphorus, small-amount-of-potassium-fertilizer"
733,"small-amount-of-nitrogen-fertilizer, suitable-phosphorus, small-amount-of-potassium-fertilizer"
734,"small-amount-of-nitrogen-fertilizer, suitable-phosphorus, small-amount-of-potassium-fertilizer"
735,"small-amount-of-nitrogen-fertilizer, suitable-phosphorus, small-amount-of-potassium-fertilizer"
736,"suitable-nitrogen, suitable-phosphorus, small-amount-of-potassium-fertilizer"
737,"lots-of-nitrogen-fertilizer, suitable-phosphorus, small-amount-of-potassium-fertilizer"
738,"small-amount-of-nitrogen-fertilizer, suitable-phosphorus, small-amount-of-potassium-fertilizer"
739,"suitable-nitrogen, suitable-phosphorus, small-amount-of-potassium-fertilizer"
740,"suitable-nitrogen, suitable-phosphorus, small-amount-of-potassium-fertilizer"
741,"small-amount-of-nitrogen-fertilizer, suitable-phosphorus, small-amount-of-potassium-fertilizer"
742,"small-amount-of-nitrogen-fertilizer, suitable-phosphorus, small-amount-of-potassium-fertilizer"
743,"lots-of-nitrogen-fertilizer, suitable-phosphorus, small-amount-of-potassium-fertilizer"
744,"small-amount-of-nitrogen-fertilizer, suitable-phosphorus, suitable-potassium"
745,"small-amount-of-nitrogen-fertilizer, suitable-phosphorus, small-amount-of-potassium-fertilizer"
746,"small-amount-of-nitrogen-fertilizer, suitable-phosphorus, small-amount-of-potassium-fertilizer"
747,"lots-of-nitrogen-fertilizer, suitable-phosphorus, small-amount-of-potassium-fertilizer"
748,"small-amount-of-nitrogen-fertilizer, suitable-phosphorus, small-amount-of-potassium-fertilizer"
749,"suitable-nitrogen, suitable-phosphorus, suitable-potassium"
750,"small-amount-of-nitrogen-fertilizer, suitable-phosphorus, small-amount-of-potassium-fertilizer"
751,"suitable-nitrogen, suitable-phosphorus, suitable-potassium"
752,"small-amount-of-nitrogen-fertilizer, suitable-phosphorus, small-amount-of-potassium-fertilizer"
753,"small-amount-of-nitrogen-fertilizer, suitable-phosphorus, small-amount-of-potassium-fertilizer"
754,"small-amount-of-nitrogen-fertilizer, suitable-phosphorus, small-amount-of-potassium-fertilizer"
755,"small-amount-of-nitrogen-fertilizer, suitable-phosphorus, small-amount-of-potassium-fertilizer"
756,"small-amount-of-nitrogen-fertilizer, suitable-phosphorus, small-amount-of-potassium-fertilizer"
757,"suitable-nitrogen, suitable-phosphorus, small-amount-of-potassium-fertilizer"
758,"small-amount-of-nitrogen-fertilizer, suitable-phosphorus, small-amount-of-potassium-fertilizer"
759,"suitable-nitrogen, suitable-phosphorus, suitable-potassium"
760,"small-amount-of-nitrogen-fertilizer, suitable-phosphorus, small-amount-of-potassium-fertilizer"
761,"small-amount-of-nitrogen-fertilizer, suitable-phosphorus, small-amount-of-potassium-fertilizer"
762,"suitable-nitrogen, suitable-phosphorus, small-amount-of-potassium-fertilizer"
763,"small-amount-of-nitrogen-fertilizer, suitable-phosphorus, small-amount-of-potassium-fertilizer"
764,"small-amount-of-nitrogen-fertilizer, suitable-phosphorus, small-amount-of-potassium-fertilizer"
765,"small-amount-of-nitrogen-fertilizer, suitable-phosphorus, small-amount-of-potassium-fertilizer"
766,"suitable-nitrogen, suitable-phosphorus, small-amount-of-potassium-fertilizer"
767,"small-amount-of-nitrogen-fertilizer, suitable-phosphorus, small-amount-of-potassium-fertilizer"
768,"suitable-nitrogen, suitable-phosphorus, suitable-potassium"
769,"lots-of-nitrogen-fertilizer, suitable-phosphorus, small-amount-of-potassium-fertilizer"
770,"small-amount-of-nitrogen-fertilizer, suitable-phosphorus, suitable-potassium"
771,"small-amount-of-nitrogen-fertilizer, suitable-phosphorus, small-amount-of-potassium-fertilizer"
772,"lots-of-nitrogen-fertilizer, suitable-phosphorus, small-amount-of-potassium-fertilizer"
773,"small-amount-of-nitrogen-fertilizer, suitable-phosphorus, small-amount-of-potassium-fertilizer"
774,"lots-of-nitrogen-fertilizer, suitable-phosphorus, small-amount-of-potassium-fertilizer"
775,"suitable-nitrogen, suitable-phosphorus, suitable-potassium"
776,"lots-of-nitrogen-fertilizer, suitable-phosphorus, small-amount-of-potassium-fertilizer"
777,"small-amount-of-nitrogen-fertilizer, suitable-phosphorus, small-amount-of-potassium-fertilizer"
778,"small-amount-of-nitrogen-fertilizer, suitable-phosphorus, small-amount-of-potassium-fertilizer"
779,"small-amount-of-nitrogen-fertilizer, suitable-phosphorus, small-amount-of-potassium-fertilizer"
780,"small-amount-of-nitrogen-fertilizer, suitable-phosphorus, small-amount-of-potassium-fertilizer"
781,"small-amount-of-nitrogen-fertilizer, suitable-phosphorus, small-amount-of-potassium-fertilizer"
782,"lots-of-nitrogen-fertilizer, suitable-phosphorus, small-amount-of-potassium-fertilizer"
783,"suitable-nitrogen, suitable-phosphorus, small-amount-of-potassium-fertilizer"
784,"suitable-nitrogen, suitable-phosphorus, small-amount-of-potassium-fertilizer"
785,"suitable-nitrogen, suitable-phosphorus, small-amount-of-potassium-fertilizer"
786,"lots-of-nitrogen-fertilizer, suitable-phosphorus, small-amount-of-potassium-fertilizer"
787,"small-amount-of-nitrogen-fertilizer, suitable-phosphorus, small-amount-of-potassium-fertilizer"
788,"small-amount-of-nitrogen-fertilizer, suitable-phosphorus, small-amount-of-potassium-fertilizer"
789,"small-amount-of-nitrogen-fertilizer, suitable-phosphorus, small-amount-of-potassium-fertilizer"
790,"small-amount-of-nitrogen-fertilizer, suitable-phosphorus, small-amount-of-potassium-fertilizer"
791,"lots-of-nitrogen-fertilizer, suitable-phosphorus, small-amount-of-potassium-fertilizer"
792,"suitable-nitrogen, suitable-phosphorus, small-amount-of-potassium-fertilizer"
793,"lots-of-nitrogen-fertilizer, suitable-phosphorus, small-amount-of-potassium-fertilizer"
794,"small-amount-of-nitrogen-fertilizer, suitable-phosphorus, small-amount-of-potassium-fertilizer"
795,"small-amount-of-nitrogen-fertilizer, suitable-phosphorus, small-amount-of-potassium-fertilizer"
796,"lots-of-nitrogen-fertilizer, suitable-phosphorus, small-amount-of-potassium-fertilizer"
797,"lots-of-nitrogen-fertilizer, suitable-phosphorus, small-amount-of-potassium-fertilizer"
798,"lots-of-nitrogen-fertilizer, suitable-phosphorus, small-amount-of-potassium-fertilizer"
799,"suitable-nitrogen, suitable-phosphorus, small-amount-of-potassium-fertilizer"
800,"small-amount-of-nitrogen-fertilizer, suitable-phosphorus, small-amount-of-potassium-fertilizer"
801,"suitable-nitrogen, suitable-phosphorus, small-amount-of-potassium-fertilizer"
802,"suitable-nitrogen, suitable-phosphorus, small-amount-of-potassium-fertilizer"
803,"small-amount-of-nitrogen-fertilizer, suitable-phosphorus, small-amount-of-potassium-fertilizer"
804,"small-amount-of-nitrogen-fertilizer, suitable-phosphorus, small-amount-of-potassium-fertilizer"
805,"suitable-nitrogen, suitable-phosphorus, small-amount-of-potassium-fertilizer"
806,"small-amount-of-nitrogen-fertilizer, suitable-phosphorus, small-amount-of-potassium-fertilizer"
807,"lots-of-nitrogen-fertilizer, suitable-phosphorus, small-amount-of-potassium-fertilizer"
808,"small-amount-of-nitrogen-fertilizer, suitable-phosphorus, small-amount-of-potassium-fertilizer"
809,"lots-of-nitrogen-fertilizer, suitable-phosphorus, small-amount-of-potassium-fertilizer"
810,"suitable-nitrogen, suitable-phosphorus, small-amount-of-potassium-fertilizer"
811,"lots-of-nitrogen-fertilizer, suitable-phosphorus, small-amount-of-potassium-fertilizer"
812,"small-amount-of-nitrogen-fertilizer, suitable-phosphorus, suitable-potassium"
813,"suitable-nitrogen, suitable-phosphorus, small-amount-of-potassium-fertilizer"
814,"small-amount-of-nitrogen-fertilizer, suitable-phosphorus, small-amount-of-potassium-fertilizer"
815,"small-amount-of-nitrogen-fertilizer, suitable-phosphorus, small-amount-of-potassium-fertilizer"
816,"small-amount-of-nitrogen-fertilizer, suitable-phosphorus, small-amount-of-potassium-fertilizer"
817,"suitable-nitrogen, suitable-phosphorus, small-amount-of-potassium-fertilizer"
818,"lots-of-nitrogen-fertilizer, suitable-phosphorus, small-amount-of-potassium-fertilizer"
819,"small-amount-of-nitrogen-fertilizer, suitable-phosphorus, small-amount-of-potassium-fertilizer"
820,"small-amount-of-nitrogen-fertilizer, suitable-phosphorus, small-amount-of-potassium-fertilizer"
821,"small-amount-of-nitrogen-fertilizer, suitable-phosphorus, small-amount-of-potassium-fertilizer"
822,"small-amount-of-nitrogen-fertilizer, suitable-phosphorus, small-amount-of-potassium-fertilizer"
823,"small-amount-of-nitrogen-fertilizer, suitable-phosphorus, small-amount-of-potassium-fertilizer"
824,"suitable-nitrogen, suitable-phosphorus, small-amount-of-potassium-fertilizer"
825,"small-amount-of-nitrogen-fertilizer, suitable-phosphorus, suitable-potassium"
826,"small-amount-of-nitrogen-fertilizer, suitable-phosphorus, small-amount-of-potassium-fertilizer"
827,"small-amount-of-nitrogen-fertilizer, suitable-phosphorus, small-amount-of-potassium-fertilizer"
828,"small-amount-of-nitrogen-fertilizer, suitable-phosphorus, suitable-potassium"
829,"small-amount-of-nitrogen-fertilizer, suitable-phosphorus, small-amount-of-potassium-fertilizer"
830,"suitable-nitrogen, suitable-phosphorus, small-amount-of-potassium-fertilizer"
831,"small-amount-of-nitrogen-fertilizer, suitable-phosphorus, small-amount-of-potassium-fertilizer"
832,"suitable-nitrogen, suitable-phosphorus, small-amount-of-potassium-fertilizer"
833,"small-amount-of-nitrogen-fertilizer, suitable-phosphorus, small-amount-of-potassium-fertilizer"
834,"small-amount-of-nitrogen-fertilizer, suitable-phosphorus, small-amount-of-potassium-fertilizer"
835,"small-amount-of-nitrogen-fertilizer, suitable-phosphorus, suitable-potassium"
836,"suitable-nitrogen, suitable-phosphorus, small-amount-of-potassium-fertilizer"
837,"suitable-nitrogen, suitable-phosphorus, small-amount-of-potassium-fertilizer"
838,"small-amount-of-nitrogen-fertilizer, suitable-phosphorus, suitable-potassium"
839,"small-amount-of-nitrogen-fertilizer, suitable-phosphorus, small-amount-of-potassium-fertilizer"
840,"small-amount-of-nitrogen-fertilizer, suitable-phosphorus, small-amount-of-potassium-fertilizer"
841,"small-amount-of-nitrogen-fertilizer, suitable-phosphorus, small-amount-of-potassium-fertilizer"
842,"suitable-nitrogen, suitable-phosphorus, small-amount-of-potassium-fertilizer"
843,"suitable-nitrogen, suitable-phosphorus, suitable-potassium"
844,"lots-of-nitrogen-fertilizer, suitable-phosphorus, small-amount-of-potassium-fertilizer"
845,"small-amount-of-nitrogen-fertilizer, suitable-phosphorus, small-amount-of-potassium-fertilizer"
846,"small-amount-of-nitrogen-fertilizer, suitable-phosphorus, small-amount-of-potassium-fertilizer"
847,"small-amount-of-nitrogen-fertilizer, suitable-phosphorus, small-amount-of-potassium-fertilizer"
848,"suitable-nitrogen, suitable-phosphorus, small-amount-of-potassium-fertilizer"
849,"lots-of-nitrogen-fertilizer, suitable-phosphorus, small-amount-of-potassium-fertilizer"
850,"small-amount-of-nitrogen-fertilizer, suitable-phosphorus, small-amount-of-potassium-fertilizer"
851,"suitable-nitrogen, suitable-phosphorus, suitable-potassium"
852,"small-amount-of-nitrogen-fertilizer, suitable-phosphorus, small-amount-of-potassium-fertilizer"
853,"small-amount-of-nitrogen-fertilizer, suitable-phosphorus, small-amount-of-potassium-fertilizer"
854,"suitable-nitrogen, suitable-phosphorus, small-amount-of-potassium-fertilizer"
855,"lots-of-nitrogen-fertilizer, suitable-phosphorus, suitable-potassium"
856,"small-amount-of-nitrogen-fertilizer, suitable-phosphorus, small-amount-of-potassium-fertilizer"
857,"small-amount-of-nitrogen-fertilizer, suitable-phosphorus, small-amount-of-potassium-fertilizer"
858,"lots-of-nitrogen-fertilizer, suitable-phosphorus, suitable-potassium"
859,"small-amount-of-nitrogen-fertilizer, suitable-phosphorus, small-amount-of-potassium-fertilizer"
860,"small-amount-of-nitrogen-fertilizer, suitable-phosphorus, small-amount-of-potassium-fertilizer"
861,"suitable-nitrogen, suitable-phosphorus, small-amount-of-potassium-fertilizer"
862,"small-amount-of-nitrogen-fertilizer, suitable-phosphorus, small-amount-of-potassium-fertilizer"
863,"small-amount-of-nitrogen-fertilizer, suitable-phosphorus, small-amount-of-potassium-fertilizer"
864,"small-amount-of-nitrogen-fertilizer, suitable-phosphorus, suitable-potassium"
865,"small-amount-of-nitrogen-fertilizer, suitable-phosphorus, suitable-potassium"
866,"small-amount-of-nitrogen-fertilizer, suitable-phosphorus, small-amount-of-potassium-fertilizer"
867,"small-amount-of-nitrogen-fertilizer, suitable-phosphorus, suitable-potassium"
868,"suitable-nitrogen, suitable-phosphorus, small-amount-of-potassium-fertilizer"
869,"suitable-nitrogen, suitable-phosphorus, suitable-potassium"
870,"suitable-nitrogen, suitable-phosphorus, suitable-potassium"
871,"suitable-nitrogen, suitable-phosphorus, suitable-potassium"
872,"suitable-nitrogen, suitable-phosphorus, small-amount-of-potassium-fertilizer"
873,"suitable-nitrogen, suitable-phosphorus, small-amount-of-potassium-fertilizer"
874,"small-amount-of-nitrogen-fertilizer, suitable-phosphorus, small-amount-of-potassium-fertilizer"
875,"small-amount-of-nitrogen-fertilizer, suitable-phosphorus, small-amount-of-potassium-fertilizer"
876,"suitable-nitrogen, suitable-phosphorus, small-amount-of-potassium-fertilizer"
877,"small-amount-of-nitrogen-fertilizer, suitable-phosphorus, small-amount-of-potassium-fertilizer"
878,"small-amount-of-nitrogen-fertilizer, suitable-phosphorus, small-amount-of-potassium-fertilizer"
879,"suitable-nitrogen, suitable-phosphorus, small-amount-of-potassium-fertilizer"
880,"small-amount-of-nitrogen-fertilizer, suitable-phosphorus, small-amount-of-potassium-fertilizer"
881,"suitable-nitrogen, suitable-phosphorus, small-amount-of-potassium-fertilizer"
882,"small-amount-of-nitrogen-fertilizer, suitable-phosphorus, suitable-potassium"
883,"small-amount-of-nitrogen-fertilizer, suitable-phosphorus, small-amount-of-potassium-fertilizer"
884,"small-amount-of-nitrogen-fertilizer, suitable-phosphorus, suitable-potassium"
885,"suitable-nitrogen, suitable-phosphorus, small-amount-of-potassium-fertilizer"
886,"suitable-nitrogen, suitable-phosphorus, small-amount-of-potassium-fertilizer"
887,"small-amount-of-nitrogen-fertilizer, suitable-phosphorus, small-amount-of-potassium-fertilizer"
888,"suitable-nitrogen, suitable-phosphorus, small-amount-of-potassium-fertilizer"
889,"suitable-nitrogen, suitable-phosphorus, small-amount-of-potassium-fertilizer"
890,"small-amount-of-nitrogen-fertilizer, suitable-phosphorus, small-amount-of-potassium-fertilizer"
891,"small-amount-of-nitrogen-fertilizer, suitable-phosphorus, suitable-potassium"
892,"suitable-nitrogen, suitable-phosphorus, small-amount-of-potassium-fertilizer"
893,"small-amount-of-nitrogen-fertilizer, suitable-phosphorus, small-amount-of-potassium-fertilizer"
894,"suitable-nitrogen, suitable-phosphorus, small-amount-of-potassium-fertilizer"
895,"small-amount-of-nitrogen-fertilizer, suitable-phosphorus, suitable-potassium"
896,"small-amount-of-nitrogen-fertilizer, suitable-phosphorus, small-amount-of-potassium-fertilizer"
897,"suitable-nitrogen, suitable-phosphorus, suitable-potassium"
898,"small-amount-of-nitrogen-fertilizer, suitable-phosphorus, small-amount-of-potassium-fertilizer"
899,"small-amount-of-nitrogen-fertilizer, suitable-phosphorus, small-amount-of-potassium-fertilizer"
900,"suitable-nitrogen, suitable-phosphorus, small-amount-of-potassium-fertilizer"
901,"suitable-nitrogen, suitable-phosphorus, small-amount-of-potassium-fertilizer"
902,"small-amount-of-nitrogen-fertilizer, suitable-phosphorus, small-amount-of-potassium-fertilizer"
903,"suitable-nitrogen, suitable-phosphorus, small-amount-of-potassium-fertilizer"
904,"small-amount-of-nitrogen-fertilizer, suitable-phosphorus, small-amount-of-potassium-fertilizer"
905,"suitable-nitrogen, suitable-phosphorus, small-amount-of-potassium-fertilizer"
906,"suitable-nitrogen, suitable-phosphorus, small-amount-of-potassium-fertilizer"
907,"small-amount-of-nitrogen-fertilizer, suitable-phosphorus, small-amount-of-potassium-fertilizer"
908,"small-amount-of-nitrogen-fertilizer, suitable-phosphorus, small-amount-of-potassium-fertilizer"
909,"small-amount-of-nitrogen-fertilizer, suitable-phosphorus, suitable-potassium"
910,"suitable-nitrogen, suitable-phosphorus, suitable-potassium"
911,"small-amount-of-nitrogen-fertilizer, suitable-phosphorus, small-amount-of-potassium-fertilizer"
912,"small-amount-of-nitrogen-fertilizer, suitable-phosphorus, small-amount-of-potassium-fertilizer"
913,"small-amount-of-nitrogen-fertilizer, suitable-phosphorus, small-amount-of-potassium-fertilizer"
914,"small-amount-of-nitrogen-fertilizer, suitable-phosphorus, small-amount-of-potassium-fertilizer"
915,"suitable-nitrogen, suitable-phosphorus, small-amount-of-potassium-fertilizer"
916,"small-amount-of-nitrogen-fertilizer, suitable-phosphorus, small-amount-of-potassium-fertilizer"
917,"small-amount-of-nitrogen-fertilizer, suitable-phosphorus, suitable-potassium"
918,"small-amount-of-nitrogen-fertilizer, suitable-phosphorus, suitable-potassium"
919,"suitable-nitrogen, suitable-phosphorus, small-amount-of-potassium-fertilizer"
920,"small-amount-of-nitrogen-fertilizer, suitable-phosphorus, suitable-potassium"
921,"suitable-nitrogen, suitable-phosphorus, small-amount-of-potassium-fertilizer"
922,"small-amount-of-nitrogen-fertilizer, suitable-phosphorus, small-amount-of-potassium-fertilizer"
923,"suitable-nitrogen, suitable-phosphorus, small-amount-of-potassium-fertilizer"
924,"suitable-nitrogen, suitable-phosphorus, small-amount-of-potassium-fertilizer"
925,"small-amount-of-nitrogen-fertilizer, suitable-phosphorus, small-amount-of-potassium-fertilizer"
926,"small-amount-of-nitrogen-fertilizer, suitable-phosphorus, small-amount-of-potassium-fertilizer"
927,"suitable-nitrogen, suitable-phosphorus, small-amount-of-potassium-fertilizer"
928,"small-amount-of-nitrogen-fertilizer, suitable-phosphorus, suitable-potassium"
929,"suitable-nitrogen, suitable-phosphorus, small-amount-of-potassium-fertilizer"
930,"small-amount-of-nitrogen-fertilizer, suitable-phosphorus, small-amount-of-potassium-fertilizer"
931,"small-amount-of-nitrogen-fertilizer, suitable-phosphorus, small-amount-of-potassium-fertilizer"
932,"small-amount-of-nitrogen-fertilizer, suitable-phosphorus, small-amount-of-potassium-fertilizer"
933,"suitable-nitrogen, suitable-phosphorus, small-amount-of-potassium-fertilizer"
934,"small-amount-of-nitrogen-fertilizer, suitable-phosphorus, suitable-potassium"
935,"small-amount-of-nitrogen-fertilizer, suitable-phosphorus, suitable-potassium"
936,"small-amount-of-nitrogen-fertilizer, suitable-phosphorus, small-amount-of-potassium-fertilizer"
937,"small-amount-of-nitrogen-fertilizer, suitable-phosphorus, small-amount-of-potassium-fertilizer"
938,"small-amount-of-nitrogen-fertilizer, suitable-phosphorus, small-amount-of-potassium-fertilizer"
939,"small-amount-of-nitrogen-fertilizer, suitable-phosphorus, small-amount-of-potassium-fertilizer"
940,"small-amount-of-nitrogen-fertilizer, suitable-phosphorus, small-amount-of-potassium-fertilizer"
941,"small-amount-of-nitrogen-fertilizer, suitable-phosphorus, small-amount-of-potassium-fertilizer"
942,"suitable-nitrogen, suitable-phosphorus, small-amount-of-potassium-fertilizer"
943,"small-amount-of-nitrogen-fertilizer, suitable-phosphorus, suitable-potassium"
944,"small-amount-of-nitrogen-fertilizer, suitable-phosphorus, small-amount-of-potassium-fertilizer"
945,"small-amount-of-nitrogen-fertilizer, suitable-phosphorus, small-amount-of-potassium-fertilizer"
946,"suitable-nitrogen, suitable-phosphorus, small-amount-of-potassium-fertilizer"
947,"small-amount-of-nitrogen-fertilizer, suitable-phosphorus, small-amount-of-potassium-fertilizer"
948,"small-amount-of-nitrogen-fertilizer, suitable-phosphorus, small-amount-of-potassium-fertilizer"
949,"suitable-nitrogen, suitable-phosphorus, suitable-potassium"
950,"small-amount-of-nitrogen-fertilizer, suitable-phosphorus, small-amount-of-potassium-fertilizer"
951,"small-amount-of-nitrogen-fertilizer, suitable-phosphorus, small-amount-of-potassium-fertilizer"
952,"small-amount-of-nitrogen-fertilizer, suitable-phosphorus, suitable-potassium"
953,"small-amount-of-nitrogen-fertilizer, suitable-phosphorus, small-amount-of-potassium-fertilizer"
954,"small-amount-of-nitrogen-fertilizer, suitable-phosphorus, small-amount-of-potassium-fertilizer"
955,"small-amount-of-nitrogen-fertilizer, suitable-phosphorus, small-amount-of-potassium-fertilizer"
956,"suitable-nitrogen, suitable-phosphorus, small-amount-of-potassium-fertilizer"
957,"suitable-nitrogen, lots-of-phosphorus-fertilizer, small-amount-of-potassium-fertilizer"
958,"suitable-nitrogen, suitable-phosphorus, small-amount-of-potassium-fertilizer"
959,"suitable-nitrogen, small-amount-of-phosphorus-fertilizer, small-amount-of-potassium-fertilizer"
960,"small-amount-of-nitrogen-fertilizer, lots-of-phosphorus-fertilizer, suitable-potassium"
961,"small-amount-of-nitrogen-fertilizer, suitable-phosphorus, small-amount-of-potassium-fertilizer"
962,"small-amount-of-nitrogen-fertilizer, lots-of-phosphorus-fertilizer, suitable-potassium"
963,"small-amount-of-nitrogen-fertilizer, suitable-phosphorus, small-amount-of-potassium-fertilizer"
964,"small-amount-of-nitrogen-fertilizer, lots-of-phosphorus-fertilizer, small-amount-of-potassium-fertilizer"
965,"small-amount-of-nitrogen-fertilizer, small-amount-of-phosphorus-fertilizer, small-amount-of-potassium-fertilizer"
966,"suitable-nitrogen, suitable-phosphorus, small-amount-of-potassium-fertilizer"
967,"lots-of-nitrogen-fertilizer, suitable-phosphorus, small-amount-of-potassium-fertilizer"
968,"suitable-nitrogen, lots-of-phosphorus-fertilizer, small-amount-of-potassium-fertilizer"
969,"suitable-nitrogen, suitable-phosphorus, small-amount-of-potassium-fertilizer"
970,"small-amount-of-nitrogen-fertilizer, suitable-phosphorus, small-amount-of-potassium-fertilizer"
971,"lots-of-nitrogen-fertilizer, lots-of-phosphorus-fertilizer, small-amount-of-potassium-fertilizer"
972,"suitable-nitrogen, suitable-phosphorus, small-amount-of-potassium-fertilizer"
973,"small-amount-of-nitrogen-fertilizer, lots-of-phosphorus-fertilizer, suitable-potassium"
974,"suitable-nitrogen, small-amount-of-phosphorus-fertilizer, small-amount-of-potassium-fertilizer"
975,"small-amount-of-nitrogen-fertilizer, suitable-phosphorus, suitable-potassium"
976,"small-amount-of-nitrogen-fertilizer, lots-of-phosphorus-fertilizer, small-amount-of-potassium-fertilizer"
977,"small-amount-of-nitrogen-fertilizer, suitable-phosphorus, small-amount-of-potassium-fertilizer"
978,"lots-of-nitrogen-fertilizer, lots-of-phosphorus-fertilizer, small-amount-of-potassium-fertilizer"
979,"lots-of-nitrogen-fertilizer, suitable-phosphorus, small-amount-of-potassium-fertilizer"
980,"small-amount-of-nitrogen-fertilizer, small-amount-of-phosphorus-fertilizer, small-amount-of-potassium-fertilizer"
981,"small-amount-of-nitrogen-fertilizer, suitable-phosphorus, suitable-potassium"
982,"suitable-nitrogen, lots-of-phosphorus-fertilizer, small-amount-of-potassium-fertilizer"
983,"small-amount-of-nitrogen-fertilizer, suitable-phosphorus, small-amount-of-potassium-fertilizer"
984,"lots-of-nitrogen-fertilizer, suitable-phosphorus, small-amount-of-potassium-fertilizer"
985,"suitable-nitrogen, lots-of-phosphorus-fertilizer, small-amount-of-potassium-fertilizer"
986,"suitable-nitrogen, suitable-phosphorus, small-amount-of-potassium-fertilizer"
987,"small-amount-of-nitrogen-fertilizer, lots-of-phosphorus-fertilizer, small-amount-of-potassium-fertilizer"
988,"small-amount-of-nitrogen-fertilizer, suitable-phosphorus, small-amount-of-potassium-fertilizer"
989,"lots-of-nitrogen-fertilizer, suitable-phosphorus, small-amount-of-potassium-fertilizer"
990,"lots-of-nitrogen-fertilizer, small-amount-of-phosphorus-fertilizer, small-amount-of-potassium-fertilizer"
991,"small-amount-of-nitrogen-fertilizer, suitable-phosphorus, small-amount-of-potassium-fertilizer"
992,"lots-of-nitrogen-fertilizer, lots-of-phosphorus-fertilizer, small-amount-of-potassium-fertilizer"
993,"small-amount-of-nitrogen-fertilizer, lots-of-phosphorus-fertilizer, suitable-potassium"
994,"small-amount-of-nitrogen-fertilizer, suitable-phosphorus, small-amount-of-potassium-fertilizer"
995,"lots-of-nitrogen-fertilizer, suitable-phosphorus, small-amount-of-potassium-fertilizer"
996,"small-amount-of-nitrogen-fertilizer, suitable-phosphorus, lots-of-potassium-fertilizer"
997,"lots-of-nitrogen-fertilizer, lots-of-phosphorus-fertilizer, small-amount-of-potassium-fertilizer"
998,"small-amount-of-nitrogen-fertilizer, suitable-phosphorus, small-amount-of-potassium-fertilizer"
999,"lots-of-nitrogen-fertilizer, suitable-phosphorus, small-amount-of-potassium-fertilizer"
1000,"lots-of-nitrogen-fertilizer, lots-of-phosphorus-fertilizer, suitable-potassium"
